watershed_id,mean_elevation,mean_slope,mean_aspect,mean_plan_curvature,mean_profile_curvature,mean_twi,mean_spi,mean_tri,mean_distance_to_river,mean_rainfall_mean,mean_lulc,mean_soil_clay
0,210.48133850097656,0.7893090844154358,184.1602325439453,4.447815808816813e-05,5.610365292341157e-07,9.559205055236816,104.99276733398438,0.2813117504119873,959.0552978515625,,39.08639144897461,
1,213.58822631835938,0.7761331796646118,184.35337829589844,3.24585780617781e-05,-3.2368217944167554e-05,9.527778625488281,89.42477416992188,0.2020186483860016,767.2381591796875,,38.25334548950195,
2,215.3257293701172,0.5950216054916382,185.62806701660156,2.597504499135539e-05,-2.5996716431109235e-05,9.709959030151367,95.59284973144531,0.1583784818649292,796.5777587890625,,39.65519332885742,
3,218.4020538330078,0.4868464469909668,186.72891235351562,2.2775762772653252e-05,-2.295842205057852e-05,9.887894630432129,52.382450103759766,0.1383000910282135,878.7877807617188,,39.82952880859375,
4,219.0346221923828,0.5087372660636902,189.36575317382812,2.2523916413774714e-05,-2.2413003534893505e-05,9.876012802124023,65.67150115966797,0.13513880968093872,768.635498046875,,40.18879318237305,
5,215.91754150390625,0.47316014766693115,186.4651336669922,2.2192976757651195e-05,-2.2058007743908092e-05,9.9472017288208,102.384765625,0.12161121517419815,694.3609008789062,,39.95185852050781,
6,214.60317993164062,0.48618268966674805,182.45545959472656,2.5486559025011957e-05,-2.4410546757280827e-05,9.944646835327148,164.1433868408203,0.12223582714796066,792.68212890625,,39.175048828125,
7,224.4055938720703,0.558205783367157,181.83924865722656,2.4142984329955652e-05,-2.3260949092218652e-05,9.859557151794434,95.72869110107422,0.13512900471687317,749.831787109375,,39.874629974365234,
8,235.53140258789062,0.45957130193710327,186.2450408935547,2.6078681912622415e-05,-2.6114566935575567e-05,9.945197105407715,96.60871124267578,0.11725380271673203,903.632568359375,,39.376060485839844,
9,241.46395874023438,0.4990445077419281,189.94041442871094,2.8550633942359127e-05,-2.8542266591102816e-05,9.855466842651367,131.33224487304688,0.12770652770996094,746.3605346679688,,39.156429290771484,
10,246.30523681640625,0.6252736449241638,190.4462890625,3.5062621464021504e-05,-3.501223909552209e-05,9.724632263183594,70.70420837402344,0.15684626996517181,840.2886352539062,,38.74656677246094,
11,245.56617736816406,0.5474158525466919,188.65557861328125,2.7687630790751427e-05,-2.6945865101879463e-05,9.811777114868164,1330.494873046875,0.13422133028507233,662.8236083984375,,38.83401870727539,
12,262.1324462890625,0.6930193305015564,185.88650512695312,2.39461223827675e-05,-2.419471275061369e-05,9.589120864868164,881.4813232421875,0.1419222205877304,635.02978515625,,38.53987121582031,
13,306.6786193847656,1.2850069999694824,189.46212768554688,2.594619036244694e-05,-2.6582283680909313e-05,8.935620307922363,407.37933349609375,0.21897141635417938,661.2362060546875,,36.244789123535156,
14,452.44451904296875,9.636609077453613,190.3543243408203,0.00014773353177588433,-0.00014888803707435727,7.083199977874756,373.9321594238281,1.3001558780670166,1134.295654296875,,20.10072135925293,
15,622.6813354492188,14.885702133178711,179.04205322265625,0.00016500847414135933,-0.00016857331502251327,6.477950096130371,10005.0244140625,1.5828087329864502,984.2514038085938,,17.9769287109375,
16,1187.930419921875,18.365602493286133,178.68194580078125,7.141636888263747e-05,-7.221884152386338e-05,6.372030258178711,2505.4736328125,1.565278172492981,940.9663696289062,,19.594175338745117,
17,1451.71240234375,28.416866302490234,178.36990356445312,6.641807703999802e-05,-6.132398266345263e-05,5.777660369873047,16443.73046875,2.1554291248321533,1035.73388671875,,17.534151077270508,
18,2200.859375,32.77532196044922,163.95887756347656,8.428844012087211e-05,-8.575797983212397e-05,5.624852657318115,10669.466796875,2.3475565910339355,949.7906494140625,,23.246557235717773,
19,2483.357666015625,23.860191345214844,170.94085693359375,6.302394467638806e-05,-6.44439278403297e-05,6.077967643737793,798.2553100585938,1.8126624822616577,1155.220703125,,23.932947158813477,
20,1649.0035400390625,2.83449387550354,171.31346130371094,5.20940448041074e-05,-5.662650437443517e-05,8.4957857131958,3247.776123046875,0.4433023929595947,852.2755737304688,,28.638492584228516,
21,1845.57470703125,11.910202980041504,196.53656005859375,6.67447384330444e-05,-6.739949458278716e-05,7.553293228149414,2714.697021484375,1.0197829008102417,1118.3458251953125,,26.31090545654297,
22,755.1460571289062,8.903816223144531,62.34991455078125,0.000949113629758358,0.0006121566402725875,11.441001892089844,307.3968200683594,5.480975151062012,3279.206298828125,,25.303333282470703,
23,215.95999145507812,0.9036478996276855,185.03436279296875,8.023705595405772e-05,1.0779405783978291e-05,9.635213851928711,134.3153076171875,0.37993597984313965,819.6761474609375,,39.40395736694336,
24,219.81829833984375,0.6385929584503174,186.57757568359375,3.3967844501603395e-05,-3.411577199585736e-05,9.748859405517578,141.22608947753906,0.16470341384410858,826.1951293945312,,39.54166030883789,
25,222.82534790039062,0.5846099853515625,188.66648864746094,2.968430817418266e-05,-2.977000258397311e-05,9.821321487426758,70.8690414428711,0.150930255651474,820.2721557617188,,39.44179153442383,
26,225.11997985839844,0.4697618782520294,188.8040771484375,2.382436468906235e-05,-2.3862594389356673e-05,10.0116605758667,41.60715866088867,0.1273014396429062,845.7713012695312,,39.796043395996094,
27,227.4049835205078,0.4237135648727417,189.4640655517578,2.2671236365567893e-05,-2.2751870346837677e-05,10.034893035888672,47.20480728149414,0.11473506689071655,806.9024658203125,,39.76806640625,
28,222.50265502929688,0.515299379825592,184.47161865234375,2.5346282200189307e-05,-2.489093276381027e-05,9.869546890258789,179.20797729492188,0.1303885132074356,694.6744995117188,,39.70651626586914,
29,222.07595825195312,0.5957401394844055,188.4656524658203,3.238799763494171e-05,-3.258182550780475e-05,9.705260276794434,256.66778564453125,0.15026667714118958,729.081787109375,,38.98419189453125,
30,222.75143432617188,0.6227260231971741,186.76087951660156,3.0280963983386755e-05,-3.0252458600443788e-05,9.713035583496094,222.48365783691406,0.15798285603523254,662.8284301757812,,38.74510192871094,
31,233.21316528320312,0.7043049335479736,181.03976440429688,2.8414875487214886e-05,-2.7283151212031953e-05,9.610128402709961,103.95404052734375,0.16688768565654755,745.6998291015625,,39.50153732299805,
32,248.97767639160156,0.5171797275543213,187.8598175048828,2.6976062144967727e-05,-2.6785126465256326e-05,9.733349800109863,57.32343673706055,0.13385090231895447,751.4664916992188,,39.008575439453125,
33,256.011962890625,0.6103097796440125,189.571044921875,2.928939284174703e-05,-2.9431010261760093e-05,9.631974220275879,60.878414154052734,0.15895578265190125,835.298583984375,,38.13951873779297,
34,255.49301147460938,0.6087322235107422,190.28369140625,2.6941424948745407e-05,-2.665206375240814e-05,9.684754371643066,1818.2794189453125,0.15084567666053772,735.7882690429688,,37.822994232177734,
35,266.95562744140625,0.8549590706825256,189.41592407226562,3.24322099913843e-05,-3.1973559089237824e-05,9.383722305297852,2339.834228515625,0.17504990100860596,671.5099487304688,,37.8542366027832,
36,357.675048828125,3.113312005996704,194.16993713378906,5.3566738642985e-05,-5.3917337936582044e-05,8.387027740478516,839.0404052734375,0.4651315212249756,833.4254150390625,,30.38282012939453,
37,674.3792114257812,14.499338150024414,184.2674560546875,0.00019018301100004464,-0.00020252977265045047,6.437908172607422,1094.7279052734375,1.7192463874816895,986.250244140625,,16.834272384643555,
38,1241.6375732421875,18.706457138061523,202.2263641357422,8.356086618732661e-05,-7.767302304273471e-05,6.250347137451172,1623.7086181640625,1.5010873079299927,1060.5545654296875,,18.298877716064453,
39,1756.0560302734375,24.851306915283203,188.0613250732422,5.633349428535439e-05,-5.600872100330889e-05,5.956194877624512,3476.127685546875,1.8175679445266724,1074.21875,,19.27800178527832,
40,1760.5533447265625,28.016651153564453,173.3948516845703,6.880328874103725e-05,-6.02743421040941e-05,5.879199028015137,2477.535888671875,1.932570457458496,1063.2137451171875,,21.356456756591797,
41,2607.571533203125,31.46297836303711,190.89862060546875,4.009881376987323e-05,-2.737364593485836e-05,5.631758213043213,1368.9251708984375,2.188629388809204,1150.7852783203125,,22.294178009033203,
42,2448.9951171875,25.520719528198242,190.12548828125,0.00011137635010527447,-0.0001141046013799496,6.015618324279785,1648.6419677734375,1.9224259853363037,1011.7777709960938,,21.011138916015625,
43,2176.6875,18.366132736206055,203.34201049804688,9.428108023712412e-05,-9.572023554937914e-05,6.580401420593262,1009.2761840820312,1.5194069147109985,1062.0057373046875,,20.518781661987305,
44,2730.65869140625,23.965118408203125,196.282470703125,9.531497198622674e-05,-9.660320210969076e-05,6.302958965301514,1034.77197265625,1.79188871383667,943.0353393554688,,31.632301330566406,
45,1091.4876708984375,10.556550979614258,61.25709533691406,0.001397657091729343,0.000769349280744791,11.181273460388184,554.2276000976562,7.177353858947754,1608.4940185546875,,36.94907760620117,
46,220.47181701660156,0.8296549320220947,185.2276611328125,7.366476347669959e-05,1.7864049368654378e-05,9.718562126159668,131.43917846679688,0.3753490447998047,759.5907592773438,,39.263038635253906,
47,226.4844512939453,0.6093114614486694,186.38800048828125,3.4148262784583494e-05,-3.4052241971949115e-05,9.6984281539917,92.97980499267578,0.15315356850624084,854.5023193359375,578.9754028320312,39.6949348449707,197.3274383544922
48,230.05299377441406,0.5293785929679871,187.1968536376953,2.536588544899132e-05,-2.5410958187421784e-05,9.838605880737305,71.04263305664062,0.138807475566864,747.0345458984375,597.0101318359375,39.90717697143555,196.44732666015625
49,233.83126831054688,0.5137994885444641,190.1464080810547,2.397709249635227e-05,-2.3981297999853268e-05,9.882278442382812,60.0614013671875,0.13945716619491577,793.3789672851562,613.6417846679688,39.75621032714844,200.9795379638672
50,235.4019012451172,0.5102883577346802,188.9712371826172,2.270724689878989e-05,-2.2899512259755284e-05,9.883000373840332,70.42170715332031,0.14127230644226074,877.0811767578125,649.6878662109375,39.63388442993164,200.56687927246094
51,230.70339965820312,0.5515637993812561,187.01190185546875,2.5128681954811327e-05,-2.446990220050793e-05,9.768590927124023,100.4251937866211,0.1397666037082672,772.6715698242188,698.7801513671875,39.42588806152344,202.63380432128906
52,232.60162353515625,0.6714185476303101,186.54856872558594,3.525727515807375e-05,-3.524148269207217e-05,9.540188789367676,121.36614990234375,0.16653388738632202,742.535400390625,755.1882934570312,38.96841049194336,202.07313537597656
53,236.27191162109375,0.8945900797843933,185.2752227783203,3.8523725379491225e-05,-3.854391979984939e-05,9.267621994018555,64.84002685546875,0.23685814440250397,819.93310546875,812.7557373046875,39.244503021240234,141.111083984375
54,233.4146270751953,0.5696471929550171,189.64634704589844,2.897007107094396e-05,-2.9094375349814072e-05,9.709551811218262,224.79295349121094,0.1452256143093109,681.0458374023438,882.5715942382812,39.00188064575195,200.91986083984375
55,242.17686462402344,0.7683901190757751,182.165283203125,3.22266059811227e-05,-3.098783054156229e-05,9.526620864868164,182.7977752685547,0.18066318333148956,756.6235961914062,972.1198120117188,38.451847076416016,194.44540405273438
56,248.47914123535156,0.8273959755897522,181.93350219726562,3.182562431902625e-05,-3.115559957223013e-05,9.385154724121094,145.09597778320312,0.19610702991485596,764.5025024414062,1064.6043701171875,36.227813720703125,197.46214294433594
57,262.32464599609375,1.0870610475540161,187.78134155273438,3.6372850445332006e-05,-3.592016946640797e-05,9.156095504760742,438.2523498535156,0.240558922290802,827.6380004882812,1153.16943359375,35.25008773803711,204.57176208496094
58,290.96710205078125,1.1496745347976685,201.33079528808594,4.3093390559079126e-05,-4.372218609205447e-05,9.052641868591309,4696.97265625,0.26554787158966064,626.2634887695312,1251.8302001953125,34.686100006103516,203.58729553222656
59,498.0788269042969,8.764375686645508,194.94784545898438,9.327059524366632e-05,-9.650265565142035e-05,7.468302249908447,2780.481689453125,1.178942322731018,989.7709350585938,1410.6275634765625,24.776535034179688,200.62466430664062
60,887.9849853515625,16.172725677490234,182.60630798339844,0.00011345469829393551,-0.00012583074567373842,6.555230617523193,2401.350341796875,1.5650529861450195,879.3739013671875,1533.6595458984375,19.970287322998047,204.18565368652344
61,2086.2646484375,28.352148056030273,183.97100830078125,8.73307726578787e-05,-7.377052679657936e-05,5.680017948150635,2898.312744140625,2.349320888519287,1052.1116943359375,1557.4647216796875,18.54210090637207,206.2533721923828
62,2554.461181640625,29.931299209594727,179.96029663085938,8.143777813529596e-05,-6.691758608212695e-05,5.630430698394775,2283.141357421875,2.4719808101654053,1019.087890625,1531.3031005859375,16.558334350585938,208.83729553222656
63,1857.55908203125,28.01169776916504,175.23748779296875,7.041795470286161e-05,-8.176507253665477e-05,5.934898376464844,39798.70703125,1.7360882759094238,969.3172607421875,1441.6661376953125,20.348899841308594,209.8192596435547
64,2869.55322265625,30.31208610534668,177.8970184326172,5.64682632102631e-05,-4.3827858462464064e-05,5.690539836883545,2512.77001953125,2.111276149749756,1025.284912109375,1362.9349365234375,19.502416610717773,217.57858276367188
65,3054.79150390625,31.292783737182617,178.66993713378906,6.19761849520728e-05,-4.481607174966484e-05,5.6583757400512695,2169.63818359375,2.1286449432373047,1039.243408203125,,24.817216873168945,
66,3495.31103515625,29.366668701171875,184.49017333984375,7.944193930597976e-05,-9.000169666251168e-05,5.81447172164917,3552.846923828125,1.9057456254959106,1077.677490234375,,37.6610221862793,
67,3618.308349609375,30.46337890625,182.59434509277344,0.00010754772665677592,-0.00011216166603844613,5.8605241775512695,2202.8759765625,1.932397723197937,1063.5054931640625,,48.342018127441406,
68,1321.925537109375,9.73241138458252,61.39259719848633,0.0016488574910908937,0.0007943317759782076,11.068395614624023,544.4615478515625,8.326558113098145,1222.04931640625,,62.43642807006836,
69,225.2469482421875,0.7545816898345947,184.7307586669922,7.25293139112182e-05,2.1179934265092015e-05,9.797432899475098,327.6593322753906,0.36616113781929016,806.1884765625,,39.52553939819336,
70,232.94554138183594,0.5818542242050171,186.74334716796875,2.5633225959609263e-05,-2.5714529328979552e-05,9.785053253173828,82.06798553466797,0.15448062121868134,815.1597290039062,627.8844604492188,39.19797897338867,199.8829803466797
71,237.5442657470703,0.5437695980072021,187.91390991210938,2.6900826924247667e-05,-2.7014812076231465e-05,9.80220890045166,166.0089569091797,0.14489050209522247,745.6541137695312,635.6739501953125,39.46661376953125,201.43641662597656
72,242.458984375,0.5249166488647461,189.3767547607422,2.5830486265476793e-05,-2.5815596018219367e-05,9.863298416137695,81.6751480102539,0.1409490406513214,773.6929321289062,639.62060546875,39.59172821044922,196.77728271484375
73,244.8484649658203,0.6755099296569824,189.3602752685547,2.6829053240362555e-05,-2.686724292289e-05,9.600977897644043,58.011966705322266,0.18221861124038696,817.7103271484375,686.5396728515625,39.40637969970703,185.5810089111328
74,238.9566192626953,0.8985786437988281,184.55760192871094,4.219368565827608e-05,-4.1285202314611524e-05,9.40827465057373,208.46347045898438,0.22018814086914062,834.19482421875,746.8748779296875,37.87537384033203,191.6823272705078
75,241.11793518066406,0.7320380806922913,185.22247314453125,4.025071029900573e-05,-4.031003118143417e-05,9.433141708374023,292.0621643066406,0.18599385023117065,781.5362548828125,813.3040771484375,38.940494537353516,195.8316650390625
76,241.19100952148438,0.7785803079605103,186.54783630371094,3.726714930962771e-05,-3.733285120688379e-05,9.417094230651855,1317.9693603515625,0.19461622834205627,668.0715942382812,876.416259765625,37.45769119262695,201.833984375
77,257.25372314453125,1.0918406248092651,194.71337890625,6.368091999320313e-05,-6.373428914230317e-05,9.058109283447266,385.0832214355469,0.2719622850418091,577.9921875,945.8517456054688,34.593990325927734,208.19241333007812
78,282.5059509277344,1.6617411375045776,204.09378051757812,9.393740037921816e-05,-9.538041922496632e-05,8.645787239074707,273.8648376464844,0.394237756729126,540.3975830078125,1039.2874755859375,29.653047561645508,208.8366241455078
79,330.2900695800781,3.478365659713745,206.95216369628906,9.582051279721782e-05,-9.704335388960317e-05,8.29119873046875,292.7283020019531,0.6021640300750732,913.9078979492188,1158.332275390625,27.03083610534668,208.85260009765625
80,320.1833801269531,4.349123477935791,195.4719696044922,9.307022992288694e-05,-9.3134178314358e-05,8.207859992980957,1131.657470703125,0.7201024889945984,658.125732421875,1262.0743408203125,27.21487808227539,210.69837951660156
81,421.56072998046875,6.292739391326904,199.75201416015625,0.00011547048052307218,-0.00011514949437696487,7.457640171051025,1997.56884765625,0.9653902649879456,897.7261352539062,1366.7498779296875,20.792102813720703,202.53411865234375
82,543.8871459960938,10.496111869812012,157.9183807373047,0.00015373158385045826,-0.00014962574641685933,7.530150413513184,8671.564453125,1.3379884958267212,893.4373168945312,1524.8394775390625,25.85569190979004,173.71031188964844
83,1265.96337890625,23.106271743774414,174.33364868164062,0.00011336473107803613,-9.937561844708398e-05,5.9677019119262695,2744.59033203125,2.035395860671997,980.7645263671875,1599.526611328125,17.839012145996094,203.60386657714844
84,2664.16748046875,31.2799129486084,173.65957641601562,6.37768316664733e-05,-5.4837422794662416e-05,5.559506893157959,2178.919921875,2.5740320682525635,1030.9605712890625,1608.3299560546875,21.612329483032227,206.72720336914062
85,2477.67724609375,28.576889038085938,183.4344482421875,8.780573261901736e-05,-7.092677697073668e-05,5.663645267486572,1550.652099609375,2.4416940212249756,979.7944946289062,1480.9757080078125,15.848591804504395,206.97764587402344
86,1899.2269287109375,30.388378143310547,182.81614685058594,8.098153193714097e-05,-8.159747812896967e-05,5.813675880432129,170529.4375,1.933310866355896,987.8507080078125,1400.46826171875,21.55499839782715,211.0334014892578
87,2232.168701171875,31.620004653930664,187.89585876464844,7.587140862597153e-05,-5.7737739552976564e-05,5.841093063354492,241162.59375,1.9704781770706177,1096.355712890625,1297.58740234375,20.22116470336914,214.78443908691406
88,2811.624755859375,34.384334564208984,169.19573974609375,6.049705552868545e-05,-9.288097498938441e-05,5.759886264801025,62539.15625,2.1835403442382812,1040.19775390625,,26.162504196166992,
89,3379.55908203125,31.703405380249023,181.5560302734375,9.078850416699424e-05,-6.905307964188978e-05,5.823814392089844,12796.974609375,2.01468825340271,1098.34033203125,,37.01113510131836,
90,4146.640625,29.360374450683594,193.9584503173828,0.00011570109199965373,-0.00013227319868747145,6.038346767425537,2935.865966796875,1.7606366872787476,991.684326171875,,61.03531265258789,
91,1521.8177490234375,9.394437789916992,65.93651580810547,0.0014901058748364449,0.001163579523563385,10.967151641845703,1736.718994140625,8.184893608093262,1014.7387084960938,,67.48980712890625,
92,228.88174438476562,0.7979872822761536,182.36758422851562,7.723611633991823e-05,1.8393813661532477e-05,9.752493858337402,215.69322204589844,0.3757397532463074,754.1383666992188,,39.570255279541016,
93,238.5884552001953,0.6351516246795654,186.88421630859375,2.9293036277522333e-05,-2.9233293389552273e-05,9.672918319702148,273.8357238769531,0.16596442461013794,833.5823974609375,689.6544799804688,39.24235153198242,199.2356414794922
94,244.69808959960938,0.6482581496238708,186.9119110107422,3.145307709928602e-05,-3.138072133879177e-05,9.633807182312012,96.4969253540039,0.17113293707370758,870.1985473632812,690.5757446289062,39.34130096435547,191.5191650390625
95,250.28768920898438,0.5708572268486023,188.6109161376953,3.181561623932794e-05,-3.194480814272538e-05,9.75416374206543,407.22869873046875,0.15179286897182465,701.5410766601562,686.9102172851562,39.29764938354492,197.47134399414062
96,254.138671875,0.8927271366119385,185.51199340820312,3.8583581044804305e-05,-3.8488688005600125e-05,9.340030670166016,236.19540405273438,0.23332223296165466,862.7098999023438,747.51953125,40.21337890625,170.4264678955078
97,245.22462463378906,0.898019015789032,184.00997924804688,3.725248097907752e-05,-3.679363726405427e-05,9.423718452453613,241.33810424804688,0.2184659242630005,674.1742553710938,819.5833129882812,38.947792053222656,180.3495330810547
98,248.9842529296875,0.6392132043838501,185.29164123535156,3.4426939237164333e-05,-3.455318801570684e-05,9.529964447021484,102.37030792236328,0.16640733182430267,867.270751953125,882.955810546875,38.73696517944336,201.2482452392578
99,267.3970642089844,0.969532310962677,201.52137756347656,6.0584563470911235e-05,-6.125304207671434e-05,9.283918380737305,370.6382141113281,0.23437383770942688,572.253173828125,950.3339233398438,36.668094635009766,208.0748291015625
100,334.9045104980469,3.3594937324523926,204.9476776123047,0.00011062713019782677,-0.00011075001384597272,8.290276527404785,258.6630554199219,0.6379062533378601,618.2158203125,1039.66064453125,28.17771339416504,204.2060546875
101,473.44183349609375,7.800326347351074,190.0426025390625,0.00018412004283163697,-0.00018295497284270823,7.134273529052734,291.79510498046875,1.3895392417907715,955.2223510742188,1155.36669921875,16.274837493896484,210.86744689941406
102,518.39892578125,8.83595085144043,167.4720916748047,0.00014174262469168752,-0.00013642251724377275,7.4342451095581055,923.0877685546875,1.3874266147613525,1060.21044921875,1339.0382080078125,20.917203903198242,187.3019561767578
103,460.64752197265625,6.291772842407227,130.87303161621094,0.00011238959268666804,-0.00010742785525508225,8.468399047851562,472.7679443359375,0.9936771988868713,960.1351318359375,1732.816650390625,28.60802459716797,163.48594665527344
104,620.1488647460938,11.2680082321167,179.67454528808594,0.00016065253294073045,-0.00015538166917394847,6.766320705413818,1320.46484375,1.4120831489562988,856.3741455078125,2043.882080078125,17.00262451171875,206.1477508544922
105,1110.2744140625,22.462778091430664,193.96766662597656,0.00016950776625890285,-0.0001667281612753868,5.949989318847656,1594.22314453125,2.287554979324341,856.349365234375,2131.299072265625,15.094128608703613,206.6609344482422
106,1309.5401611328125,28.525508880615234,174.26663208007812,0.00013534602476283908,-0.00012543235789053142,5.825140476226807,30798.923828125,2.4344534873962402,950.1495971679688,1912.5316162109375,17.057344436645508,198.5717010498047
107,2373.531982421875,32.397701263427734,172.67654418945312,5.0879662012448534e-05,-3.3408217859687284e-05,5.5368971824646,3472.813720703125,2.59416127204895,1129.7271728515625,1651.37109375,17.57101821899414,204.07705688476562
108,2709.044677734375,31.786272048950195,182.90481567382812,7.15872083674185e-05,-7.516398909501731e-05,5.643548011779785,3979.479248046875,2.4169399738311768,985.2350463867188,1472.5350341796875,19.147737503051758,208.222900390625
109,2914.655029296875,33.00877380371094,198.81788635253906,5.582719313679263e-05,-5.5257500207517296e-05,5.717373371124268,7598.48583984375,2.1883397102355957,1120.216552734375,1271.1248779296875,27.97663688659668,213.198486328125
110,3047.9130859375,36.42748260498047,182.83309936523438,4.771709063788876e-05,-4.794587584910914e-05,5.631079196929932,143848.78125,2.3882029056549072,1009.4276733398438,1154.044677734375,29.25373649597168,220.16708374023438
111,3845.41650390625,34.52787399291992,202.07749938964844,4.4693751988234e-05,-4.559577064355835e-05,5.726557731628418,6727.2392578125,2.36775279045105,1273.6507568359375,,46.26325607299805,
112,4289.04248046875,31.625713348388672,194.90438842773438,8.982972212834284e-05,-9.770441829459742e-05,5.904263019561768,8577.453125,2.1532199382781982,1239.4356689453125,,63.6147346496582,
113,4489.54296875,27.440349578857422,187.8131561279297,8.349536074092612e-05,-9.414848318556324e-05,6.143245220184326,2973.174072265625,1.7093502283096313,1242.201416015625,,68.11936950683594,
114,1904.2154541015625,8.5435209274292,71.01939392089844,0.00227261777035892,0.0014856666093692183,10.868982315063477,678.091064453125,10.538601875305176,1132.726806640625,,66.68647766113281,
115,230.1567840576172,0.8588343262672424,177.85281372070312,8.091222116490826e-05,1.617251655261498e-05,9.667094230651855,283.7521057128906,0.39145275950431824,775.6022338867188,,39.045005798339844,
116,244.3114776611328,0.6137636303901672,185.39947509765625,3.0556599085684866e-05,-3.0568971851607785e-05,9.699297904968262,99.93484497070312,0.15689818561077118,757.0031127929688,740.5100708007812,39.25242233276367,195.23367309570312
117,251.5873260498047,0.7880271673202515,186.76988220214844,3.34979486069642e-05,-3.352401836309582e-05,9.485700607299805,229.2767333984375,0.2022089660167694,717.1869506835938,745.3567504882812,36.845882415771484,189.98867797851562
118,258.3037109375,0.5882242918014526,187.14100646972656,3.013645255123265e-05,-3.0225020964280702e-05,9.683013916015625,130.7665252685547,0.15568050742149353,719.6122436523438,742.6260375976562,39.599952697753906,189.57608032226562
119,262.80267333984375,0.7858995795249939,187.97476196289062,3.90097702620551e-05,-3.894561086781323e-05,9.540918350219727,86.80701446533203,0.19811929762363434,736.7732543945312,805.5921630859375,39.102256774902344,198.4920654296875
120,251.92459106445312,0.8012072443962097,183.82760620117188,4.136419374844991e-05,-4.160229582339525e-05,9.510632514953613,96.07929992675781,0.19097869098186493,741.1520385742188,874.9228515625,38.6153564453125,201.19207763671875
121,270.65704345703125,1.2394074201583862,193.99461364746094,5.029677049606107e-05,-5.076044544694014e-05,9.201079368591309,239.1698455810547,0.25525200366973877,658.2425537109375,940.6014404296875,36.207489013671875,202.98773193359375
122,404.7517395019531,5.530773639678955,189.19761657714844,0.00011464196722954512,-0.00011246094800299034,7.711660861968994,202.92295837402344,0.9237067103385925,956.5065307617188,1032.8531494140625,22.45823097229004,212.9434051513672
123,440.7472839355469,7.401970386505127,174.4701690673828,0.0001445066009182483,-0.00014477108197752386,7.441547393798828,619.9868774414062,1.2548588514328003,851.8016357421875,1141.1650390625,21.262556076049805,213.59384155273438
124,606.2545166015625,9.74150276184082,185.094482421875,0.00010550149454502389,-9.91857232293114e-05,6.922128200531006,667.4508666992188,1.4863576889038086,935.2191772460938,1275.5740966796875,15.952322959899902,210.24099731445312
125,585.9227294921875,8.510998725891113,139.26712036132812,8.654686098452657e-05,-8.5660838522017e-05,7.723427772521973,1869.820068359375,1.1485449075698853,908.5672607421875,1494.7369384765625,22.167261123657227,179.8234405517578
126,588.6686401367188,11.067965507507324,165.44651794433594,0.0001613647909834981,-0.00015776920190546662,7.092453479766846,4683.958984375,1.3657797574996948,862.1364135742188,2593.517333984375,17.939964294433594,192.60423278808594
127,1130.94921875,20.000476837158203,193.39877319335938,0.00015372849884442985,-0.00015340428217314184,6.169098854064941,2154.4365234375,1.9915263652801514,784.9551391601562,3105.387939453125,15.39333438873291,206.16065979003906
128,2223.440185546875,33.17203140258789,184.49459838867188,6.614338053623214e-05,-6.304118141997606e-05,5.500220775604248,12129.7158203125,2.5699093341827393,1068.72412109375,2956.857177734375,17.479204177856445,205.4580841064453
129,1846.2574462890625,31.005918502807617,186.48617553710938,8.571429498260841e-05,-7.239665137603879e-05,5.6291422843933105,7835.3916015625,2.4505534172058105,1057.440673828125,2252.68701171875,17.777462005615234,203.95388793945312
130,2087.407958984375,31.889217376708984,187.5773162841797,7.440894114552066e-05,-6.898816354805604e-05,5.7664337158203125,21420.439453125,2.151400327682495,1025.347412109375,1738.7012939453125,19.290477752685547,203.76565551757812
131,3319.339599609375,31.76976776123047,186.19346618652344,3.883448880515061e-05,-4.368566078483127e-05,5.8232526779174805,3063.0771484375,2.0573267936706543,1113.60107421875,1328.167236328125,37.57149887084961,209.94436645507812
132,3653.406005859375,33.02220153808594,182.5900115966797,6.899565050844103e-05,-7.226542948046699e-05,5.799374103546143,85137.25,2.113283634185791,1071.6314697265625,941.631591796875,46.51663589477539,216.51553344726562
133,3461.08837890625,35.43228530883789,189.94943237304688,6.48751447442919e-05,-9.060926822712645e-05,5.745365142822266,73945.3359375,2.4486000537872314,1076.750732421875,809.3864135742188,41.56882095336914,217.97312927246094
134,4641.7861328125,30.678102493286133,177.12490844726562,0.00013445952208712697,-0.00015834484656807035,5.983490467071533,1403.4384765625,2.211005926132202,1091.851318359375,,70.14850616455078,
135,4859.72998046875,25.958452224731445,183.28016662597656,0.00013060848868917674,-0.0001511661830591038,6.291457653045654,1374.174560546875,1.7990117073059082,1208.7996826171875,,70.47254180908203,
136,4910.3662109375,27.886646270751953,178.03790283203125,0.000137442271807231,-0.0001428934483556077,6.194232940673828,962.5338134765625,1.8010303974151611,1188.387939453125,,67.71697998046875,
137,1923.2972412109375,10.635869979858398,61.65729522705078,0.0018354615895077586,0.000989387626759708,10.464258193969727,1764.7109375,10.227192878723145,881.530029296875,,64.63481903076172,
138,230.60125732421875,0.7800531387329102,178.4617156982422,7.083779200911522e-05,2.8641903554671444e-05,9.821198463439941,990.8748779296875,0.38800710439682007,796.6612548828125,,38.65095138549805,
139,247.5077362060547,0.7584215998649597,185.5797119140625,2.916197627200745e-05,-2.941066304629203e-05,9.506786346435547,227.53138732910156,0.19802142679691315,724.71240234375,769.2351684570312,37.97415542602539,133.5244903564453
140,255.843505859375,0.6361824870109558,183.9915771484375,2.6739746317616664e-05,-2.684009632503148e-05,9.632988929748535,227.0987548828125,0.17438526451587677,761.2262573242188,780.331787109375,38.95941162109375,183.68182373046875
141,264.9935302734375,0.6314082145690918,186.34616088867188,2.8578411729540676e-05,-2.8623173420783132e-05,9.627418518066406,123.29312133789062,0.17132654786109924,747.836669921875,797.5399780273438,39.09865951538086,186.04913330078125
142,272.1672058105469,0.7573770880699158,187.09674072265625,3.5296776331961155e-05,-3.5220022255089134e-05,9.529926300048828,56.60650634765625,0.19452650845050812,873.4649658203125,860.65234375,38.51724624633789,198.79031372070312
143,270.7572021484375,2.351153612136841,187.5468292236328,0.00011344594531692564,-0.00011384953540982679,8.692212104797363,936.6202392578125,0.4910312294960022,663.7599487304688,938.104248046875,32.212646484375,202.55458068847656
144,356.33935546875,5.855133533477783,183.7378692626953,0.00013188892626203597,-0.00012928883370477706,7.691275596618652,487.5595397949219,1.069833517074585,1073.98291015625,1020.7192993164062,22.859817504882812,214.29124450683594
145,390.78265380859375,5.161403179168701,168.85118103027344,9.580652113072574e-05,-9.486637281952426e-05,8.21257209777832,969.6025390625,0.7487861514091492,704.5997924804688,1151.6964111328125,28.74951171875,200.37393188476562
146,593.4212646484375,11.507990837097168,169.31637573242188,0.00017142664000857621,-0.00016848003724589944,7.09727144241333,369.0245056152344,1.413037896156311,988.2100219726562,1362.8023681640625,21.219738006591797,188.3484344482422
147,616.2874755859375,10.151259422302246,176.04505920410156,0.00014630767691414803,-0.00014469043526332825,6.8370771408081055,7430.9150390625,1.3524551391601562,877.5013427734375,1563.4696044921875,15.381402969360352,207.9607391357422
148,698.2271728515625,14.018260955810547,171.6516876220703,0.00014912539336364716,-0.00014680888853035867,6.493987083435059,19679.998046875,1.5931217670440674,1002.6268920898438,1763.07373046875,15.688131332397461,206.60740661621094
149,868.58447265625,12.139744758605957,194.9791717529297,0.00011722827912308276,-0.00011813041783170775,6.651724338531494,1553.718505859375,1.6154495477676392,786.8821411132812,2799.564697265625,16.81325340270996,205.72120666503906
150,2483.830322265625,28.903995513916016,197.49020385742188,6.463692989200354e-05,-5.989141936879605e-05,5.906311511993408,1495.9542236328125,2.0608415603637695,935.4627685546875,3058.662353515625,27.259044647216797,210.47325134277344
151,2556.544677734375,36.00986099243164,171.357421875,7.54936263547279e-05,-8.314294245792553e-05,5.6442790031433105,50497.3046875,2.3210699558258057,900.7036743164062,2451.0205078125,24.531171798706055,209.61427307128906
152,3452.671142578125,34.67947769165039,181.2161102294922,2.1245698007987812e-05,-1.6695630620233715e-05,5.591810703277588,2588.383056640625,2.407670736312866,1194.493408203125,1697.112548828125,33.45584487915039,209.02255249023438
153,3536.322021484375,36.884246826171875,182.92156982421875,5.870430322829634e-05,-4.628011447493918e-05,5.642823219299316,89330.7109375,2.404935359954834,1134.6009521484375,1301.34033203125,40.92825698852539,211.25132751464844
154,3586.420166015625,36.558349609375,183.8780059814453,6.474723340943456e-05,-8.04000737844035e-05,5.660799026489258,103642.8125,2.3788623809814453,988.8551635742188,938.1260375976562,42.83237075805664,216.04087829589844
155,3746.78125,32.82107925415039,188.4259796142578,8.23240407044068e-05,-0.00010070733696920797,5.877790927886963,125560.171875,2.091947555541992,1138.8521728515625,669.345947265625,47.64968490600586,213.2685089111328
156,4372.04150390625,33.66156005859375,181.59230041503906,0.00012558134039863944,-0.00013806340575683862,5.850436687469482,7149.54150390625,2.3626198768615723,1343.9610595703125,583.4754638671875,63.83407974243164,175.3617401123047
157,4656.79248046875,30.30763816833496,174.83697509765625,0.00013336118718143553,-0.0001395710278302431,6.0641350746154785,2149.1708984375,2.083298921585083,1243.690673828125,,68.87198638916016,
158,4867.59228515625,28.6885929107666,173.70094299316406,0.0001341357856290415,-0.00014991134230513126,6.114155292510986,2813.78857421875,2.0032143592834473,1079.5379638671875,,65.01654052734375,
159,4874.07275390625,26.30137825012207,184.43020629882812,0.00011356388131389394,-0.00013304980529937893,6.172544002532959,1446.03564453125,1.657379150390625,1048.183349609375,,66.21540069580078,
160,1893.32958984375,11.479284286499023,74.31717681884766,0.0017920398386195302,0.0011794677702710032,10.186939239501953,8933.09765625,9.969632148742676,867.3550415039062,,63.0307731628418,
161,233.61376953125,0.7058053016662598,179.6717071533203,6.884027243359014e-05,3.2683255994925275e-05,10.000389099121094,235.48953247070312,0.37501391768455505,842.55419921875,,38.826072692871094,
162,253.7290496826172,0.558968722820282,187.63075256347656,2.4028451662161388e-05,-2.3864309696364217e-05,9.870849609375,194.2035675048828,0.148627370595932,788.0866088867188,810.817138671875,38.476287841796875,197.76220703125
163,263.4488525390625,0.66689133644104,188.87428283691406,2.601971209514886e-05,-2.608073737064842e-05,9.683021545410156,443.1462707519531,0.17332851886749268,768.6173706054688,827.6465454101562,38.66150665283203,194.59182739257812
164,278.0707092285156,0.6381827592849731,196.21514892578125,2.769998536678031e-05,-2.7768855943577364e-05,9.729362487792969,554.516845703125,0.1625642627477646,676.7437744140625,859.6293334960938,38.3553466796875,205.03211975097656
165,295.67730712890625,0.8912191390991211,207.2566375732422,3.96329014620278e-05,-3.994000508100726e-05,9.385286331176758,238.8186798095703,0.20903266966342926,747.879638671875,920.6422729492188,38.1153678894043,199.7818603515625
166,301.670654296875,3.8229100704193115,193.8051300048828,0.00010362617467762902,-0.00010386611393187195,8.182007789611816,986.768310546875,0.7272813320159912,819.8441162109375,1007.5918579101562,28.30074119567871,200.4858856201172
167,345.3309326171875,4.4739227294921875,188.413818359375,9.087678336072713e-05,-9.25768181332387e-05,8.069184303283691,1119.0914306640625,0.6863240599632263,664.9149780273438,1163.181396484375,27.25554847717285,205.70242309570312
168,596.50439453125,13.489310264587402,148.83448791503906,0.00019252646598033607,-0.00019054632866755128,7.241218566894531,1514.8280029296875,1.443678379058838,1022.7243041992188,1351.931640625,23.651273727416992,170.57919311523438
169,794.9609985351562,11.136713027954102,170.14883422851562,0.00012711597082670778,-0.0001180991021101363,6.597297191619873,524.7462768554688,1.4383759498596191,1087.349609375,1856.377197265625,14.210315704345703,205.59161376953125
170,866.9884643554688,15.139959335327148,184.02737426757812,0.00012970897660125047,-0.00011879123485414311,6.216323375701904,1235.5020751953125,2.0444791316986084,1051.351806640625,2371.295166015625,15.105338096618652,205.8358917236328
171,745.5393676757812,17.565868377685547,186.09124755859375,0.0001391773548675701,-0.00013469015539158136,6.280261039733887,18013.384765625,2.266624927520752,782.2262573242188,2545.809814453125,15.966768264770508,206.6842041015625
172,1260.788818359375,16.46240234375,187.76150512695312,0.000118017487693578,-0.0001251837966265157,6.448328971862793,3284.57666015625,1.6521519422531128,788.0942993164062,2953.00634765625,15.522427558898926,208.89688110351562
173,3121.52978515625,34.98295211791992,168.18618774414062,3.929022932425141e-05,-3.6317924241302535e-05,5.707016944885254,10425.490234375,2.1645171642303467,1118.489990234375,2532.923583984375,29.632156372070312,210.67120361328125
174,3283.9853515625,35.96628189086914,186.72940063476562,6.351750926114619e-05,-5.5692140449536964e-05,5.656012058258057,10617.3017578125,2.291572093963623,1029.10302734375,1617.62255859375,34.97745895385742,204.6687774658203
175,4207.63720703125,34.383018493652344,193.8448028564453,5.632636384689249e-05,-5.7422585086897016e-05,5.804112911224365,5738.626953125,2.1647181510925293,1112.8341064453125,1127.1156005859375,55.15389633178711,177.50575256347656
176,4153.99853515625,35.68803405761719,179.65798950195312,7.071498112054542e-05,-7.590405584778637e-05,5.779735088348389,57508.5703125,2.209057569503784,1192.50830078125,864.2781982421875,58.44255065917969,195.617919921875
177,4173.39208984375,33.113121032714844,194.61949157714844,8.947517198976129e-05,-0.00010432297858642414,5.8386640548706055,5128.79541015625,2.0781190395355225,1094.0361328125,664.0166625976562,53.95047378540039,205.7713165283203
178,4676.6083984375,28.529464721679688,199.08522033691406,9.043920726981014e-05,-0.00010293616651324555,6.09768533706665,1551.8916015625,1.9045295715332031,1163.4383544921875,499.85223388671875,67.46647644042969,156.1161346435547
179,4909.849609375,28.583417892456055,184.7098388671875,0.00016669867909513414,-0.00019534511375240982,6.159477710723877,1362.96484375,2.0794756412506104,1263.77978515625,444.4702453613281,68.4697494506836,156.0997314453125
180,5074.88623046875,27.357219696044922,171.4415283203125,0.00016929651610553265,-0.00019209769379813224,6.191825866699219,1182.7362060546875,1.9484230279922485,1292.8150634765625,,65.37232208251953,
181,4674.31982421875,26.88385009765625,168.34580993652344,7.716718391748145e-05,-8.522321877535433e-05,6.1279730796813965,3117.9365234375,1.6784132719039917,1074.1480712890625,,60.28497314453125,
182,4703.74609375,31.92118263244629,173.33656311035156,8.934217476053163e-05,-0.0001036212925100699,5.683613300323486,3293.685302734375,2.2847039699554443,1044.697509765625,,60.29396057128906,
183,2038.141845703125,13.28646183013916,72.93669891357422,0.001618640380911529,0.0014154708478599787,9.786263465881348,600.075927734375,10.231196403503418,1095.396240234375,,61.767578125,
184,238.1529083251953,0.7069675922393799,176.0464630126953,7.553862815257162e-05,2.907168891397305e-05,10.010193824768066,1165.231201171875,0.37937283515930176,846.285888671875,,38.81063461303711,
185,261.73150634765625,0.6857277750968933,189.3931884765625,3.0024270017747767e-05,-3.014099638676271e-05,9.686577796936035,491.3200988769531,0.1810319870710373,701.7674560546875,895.55615234375,37.692378997802734,184.64735412597656
186,274.7760009765625,0.8211317658424377,190.6932830810547,3.370102422195487e-05,-3.3931406505871564e-05,9.451952934265137,1077.7337646484375,0.20498037338256836,670.688232421875,923.4609985351562,37.15060043334961,192.2920684814453
187,300.3474426269531,1.2865276336669922,193.233642578125,4.5774260797770694e-05,-4.636307858163491e-05,9.028867721557617,1137.42236328125,0.28957587480545044,621.0028076171875,958.1069946289062,36.552120208740234,175.28614807128906
188,392.07769775390625,5.558864593505859,202.15579223632812,0.00010314592509530485,-0.00010474066948518157,7.797036647796631,232.25099182128906,0.8786290287971497,770.1783447265625,1024.990966796875,26.308917999267578,176.85545349121094
189,545.9600830078125,11.864492416381836,200.26409912109375,0.00015515262202825397,-0.0001631256309337914,6.8682684898376465,914.8974609375,1.3044216632843018,896.0028686523438,1131.08642578125,20.103376388549805,201.529296875
190,892.6029052734375,20.52876091003418,185.83737182617188,0.00013674134970642626,-0.0001297508570132777,6.085944652557373,3896.831787109375,1.7830026149749756,1075.3531494140625,1265.3963623046875,14.568107604980469,207.78941345214844
191,756.8693237304688,18.478769302368164,171.22854614257812,0.0002073717478197068,-0.00021175798610784113,6.467472553253174,177321.34375,1.8142164945602417,901.796875,1371.9822998046875,19.937341690063477,188.8317108154297
192,955.6778564453125,17.62358283996582,182.12823486328125,0.00016580361989326775,-0.00017021702660713345,6.248073101043701,1946.755615234375,1.8738808631896973,864.9042358398438,1903.4600830078125,16.391324996948242,204.55551147460938
193,1149.58203125,20.51875877380371,175.17816162109375,0.0001547538413433358,-0.0001445757079636678,5.963245391845703,2757.435302734375,2.083524465560913,1060.600830078125,2433.502685546875,14.912897109985352,206.56219482421875
194,1084.9306640625,23.576414108276367,178.9119110107422,0.0001403979113092646,-0.00014330103294923902,5.863028049468994,50284.98828125,2.2354578971862793,1062.0302734375,2549.540283203125,13.713071823120117,208.63409423828125
195,2315.471435546875,29.539400100708008,189.75804138183594,7.187195296864957e-05,-7.235245720949024e-05,5.764064788818359,3697.4765625,2.1796486377716064,892.69873046875,2761.347900390625,15.938385009765625,210.8455810546875
196,3798.486083984375,32.95870590209961,184.3319091796875,8.648244693176821e-05,-7.280740101123229e-05,5.7928466796875,7157.77294921875,2.0167534351348877,1085.5577392578125,2144.84326171875,45.612892150878906,208.4618377685547
197,4217.2451171875,33.72529602050781,193.47877502441406,9.3286027549766e-05,-0.00011490106408018619,5.861038684844971,2729.465087890625,2.067432165145874,1000.5169677734375,1188.3079833984375,53.964378356933594,189.8563995361328
198,4246.240234375,33.61223220825195,190.4183349609375,8.758866169955581e-05,-6.825034506618977e-05,5.870479583740234,36348.0390625,2.0335168838500977,1191.1650390625,826.813720703125,60.322139739990234,193.87164306640625
199,4423.5029296875,32.97682189941406,191.07252502441406,8.833751053316519e-05,-0.00010298454435542226,5.836551189422607,5266.5576171875,2.0562949180603027,1067.8798828125,673.1127319335938,66.82127380371094,194.63368225097656
200,4735.5654296875,28.714656829833984,182.62657165527344,0.00011198363790754229,-0.00014335065498016775,6.051276683807373,3085.570068359375,1.9181115627288818,1137.199462890625,548.1598510742188,69.62474822998047,178.92770385742188
201,5169.19873046875,26.004459381103516,184.99940490722656,0.0001709315984044224,-0.00018297597125638276,6.255894184112549,1042.466552734375,1.9620405435562134,1199.787109375,433.31005859375,66.9881820678711,93.07284545898438
202,5083.7529296875,29.979097366333008,170.46636962890625,0.00017017475329339504,-0.00017801043577492237,6.004969596862793,30931.611328125,2.103966236114502,1276.686279296875,382.42095947265625,62.71514129638672,129.430419921875
203,4304.70751953125,24.716480255126953,166.50863647460938,9.383894212078303e-05,-0.00010886617383221164,6.4675984382629395,18045.083984375,1.5170469284057617,906.2091064453125,,55.808753967285156,
204,4650.7529296875,32.08192443847656,175.54957580566406,3.136073428322561e-05,-2.4077928173937835e-05,5.718313217163086,2984.45263671875,2.1840133666992188,1096.0382080078125,,59.99558639526367,
205,4332.759765625,32.59308624267578,172.59677124023438,9.152849088422954e-05,-0.00010518535418668762,5.649517059326172,29323.37890625,2.3557288646698,959.9834594726562,,58.74296569824219,
206,2364.1162109375,13.289495468139648,82.3533706665039,0.0022941133938729763,0.0010899638291448355,9.578425407409668,1329.400390625,10.624136924743652,952.4798583984375,,61.93251419067383,
207,241.71429443359375,0.8077857494354248,171.4530029296875,8.574187086196616e-05,2.2163509129313752e-05,9.818807601928711,570.5728149414062,0.40912318229675293,704.791015625,,38.00746536254883,
208,274.005615234375,0.8385899662971497,190.32937622070312,4.66192614112515e-05,-4.701050784206018e-05,9.469925880432129,748.7353515625,0.20789735019207,666.9440307617188,981.7054443359375,37.27094650268555,206.51202392578125
209,297.0779113769531,1.0113999843597412,195.19630432128906,4.490205901674926e-05,-4.505512697505765e-05,9.213541030883789,475.82989501953125,0.21807223558425903,618.9563598632812,1033.78857421875,36.45622634887695,208.08546447753906
210,393.0150451660156,5.366549491882324,198.84564208984375,9.689524449640885e-05,-9.971975669031963e-05,8.034070014953613,217.6298065185547,0.7485936284065247,794.601318359375,1093.3089599609375,29.515222549438477,206.55093383789062
211,859.2967529296875,17.745695114135742,196.3107452392578,0.00014792494766879827,-0.00014330520934890956,6.374231815338135,1642.2752685546875,1.8300797939300537,876.8519287109375,1169.1124267578125,16.317705154418945,205.2710723876953
212,1182.888916015625,22.590133666992188,182.57785034179688,0.00017530871264170855,-0.00016475377196911722,5.805545330047607,1950.9346923828125,2.286353588104248,1001.1945190429688,1202.32275390625,12.317737579345703,208.8152618408203
213,1232.9365234375,23.261903762817383,179.32611083984375,0.00018598660244606435,-0.00018289120635017753,5.784591197967529,10405.6689453125,2.4276483058929443,974.2469482421875,1252.5963134765625,14.344804763793945,206.88259887695312
214,1424.3316650390625,31.249055862426758,176.3234405517578,0.00012401780986692756,-0.00011848508438561112,5.543342113494873,503171.28125,2.6362059116363525,954.9541625976562,1294.1859130859375,19.094051361083984,206.65170288085938
215,1565.5653076171875,23.837614059448242,191.04249572753906,0.00012097883882233873,-0.00010137190110981464,5.904876232147217,1482.2318115234375,2.310852527618408,970.8853149414062,1550.4678955078125,16.904565811157227,206.54994201660156
216,1284.604248046875,25.78862953186035,185.847900390625,0.0001551078021293506,-0.00015666701074223965,5.8199920654296875,52989.8125,2.301013231277466,894.1698608398438,1775.2982177734375,16.74277687072754,205.06680297851562
217,1835.9498291015625,29.89630889892578,182.91000366210938,9.78650277829729e-05,-8.914964564610273e-05,5.659818649291992,9538.07421875,2.3847877979278564,1008.8360595703125,1800.3265380859375,15.860344886779785,203.4710235595703
218,2874.00732421875,33.87455368041992,165.35183715820312,3.916033892892301e-05,-2.242750815639738e-05,5.595433712005615,1735.3575439453125,2.3677468299865723,1073.707275390625,1969.106689453125,20.38376235961914,209.6269073486328
219,4257.1015625,30.710739135742188,180.2228240966797,7.55669898353517e-05,-5.8600107877282426e-05,5.813910961151123,1321.9801025390625,2.208780527114868,1199.6646728515625,1614.296875,57.793697357177734,190.1517791748047
220,4377.8134765625,34.936946868896484,185.52255249023438,8.227754005929455e-05,-0.000118718329758849,5.743393898010254,13207.8359375,2.4979217052459717,1077.6107177734375,979.3670654296875,58.852195739746094,182.76364135742188
221,4216.61767578125,29.83841896057129,182.64813232421875,8.66033515194431e-05,-9.70487599261105e-05,6.066039085388184,21328.009765625,1.7737165689468384,1188.744873046875,684.5372924804688,62.12333297729492,205.0015106201172
222,5041.33935546875,27.40898323059082,170.9811553955078,0.00013823136396240443,-0.00014104552974458784,6.057013034820557,2033.1788330078125,1.954528570175171,1279.57421875,568.4457397460938,67.72152709960938,133.1385498046875
223,5135.326171875,26.96219253540039,180.86512756347656,0.00016046322707552463,-0.00017449568258598447,6.163578033447266,1159.6553955078125,1.8085737228393555,1185.495849609375,459.18017578125,65.59898376464844,143.138427734375
224,5154.36181640625,27.981477737426758,165.45957946777344,0.00010991775343427435,-0.00011306950182188302,6.074770450592041,1297.359375,1.777220368385315,1157.3739013671875,335.1663513183594,64.19274139404297,168.4725341796875
225,4752.265625,28.611284255981445,177.80003356933594,6.992269481997937e-05,-8.793234155746177e-05,5.959723472595215,108429.046875,1.704636812210083,1053.2081298828125,299.6238708496094,59.07902145385742,214.79220581054688
226,4730.55224609375,28.93917465209961,183.3416290283203,6.115368159953505e-05,-5.557527038035914e-05,5.9417853355407715,15947.9765625,1.895195722579956,1096.181884765625,,60.7569580078125,
227,4600.7158203125,31.591888427734375,177.23287963867188,7.087946869432926e-05,-9.38443117775023e-05,5.814416408538818,8913.8984375,2.202453136444092,1015.3408813476562,,59.87506866455078,
228,4530.1689453125,34.82668685913086,170.3163604736328,5.726642848458141e-05,-4.562709364108741e-05,5.614060878753662,36146.52734375,2.4056694507598877,1121.6365966796875,,60.26403045654297,
229,2229.63037109375,17.970783233642578,84.16405487060547,0.0018945476040244102,0.0009110261453315616,9.073548316955566,626.9336547851562,10.198433876037598,1255.7904052734375,,60.22261047363281,
230,242.35968017578125,1.022942066192627,166.38623046875,9.38299999688752e-05,1.5068991160660516e-05,9.616952896118164,475.67779541015625,0.46087896823883057,718.5478515625,,36.96846389770508,
231,285.00433349609375,0.8577612042427063,187.63404846191406,4.613851706380956e-05,-4.6035183913772926e-05,9.351139068603516,200.59339904785156,0.2099466472864151,724.1070556640625,1088.3907470703125,36.47158432006836,209.9013671875
232,331.8739318847656,2.932687997817993,190.75135803222656,6.677804049104452e-05,-6.752808258170262e-05,8.717535972595215,423.2378845214844,0.45801183581352234,714.8202514648438,1174.5374755859375,32.97450637817383,205.97610473632812
233,739.4059448242188,17.641904830932617,183.99038696289062,0.0002101455902447924,-0.00020881040836684406,6.237020969390869,907.69384765625,1.930701732635498,837.0057373046875,1259.0380859375,14.74589729309082,209.3925323486328
234,1332.3074951171875,23.873653411865234,171.34767150878906,0.00017991568893194199,-0.0001786711363820359,5.777032852172852,9784.6845703125,2.267062187194824,1060.7298583984375,1277.076171875,14.047139167785645,209.4537353515625
235,1592.000244140625,27.70395851135254,177.23873901367188,0.0001153511184384115,-0.00010649143223417923,5.620856285095215,8669.71875,2.5219271183013916,969.0000610351562,1227.5784912109375,15.759103775024414,207.54026794433594
236,1726.1925048828125,29.504383087158203,184.79547119140625,8.255793363787234e-05,-6.546417716890574e-05,5.5709004402160645,116030.90625,2.561495542526245,1126.039306640625,1223.6949462890625,16.378116607666016,206.70797729492188
237,1579.796630859375,28.171934127807617,175.65524291992188,0.00012956353020854294,-0.00012710648297797889,5.644536972045898,166921.25,2.465718984603882,1015.8719482421875,1212.8966064453125,18.51997947692871,205.40591430664062
238,2419.206298828125,30.067672729492188,178.7330322265625,7.195185753516853e-05,-5.172181408852339e-05,5.493536472320557,2982.625732421875,2.6860978603363037,1109.7838134765625,1279.301513671875,15.392005920410156,208.6852264404297
239,1924.2510986328125,32.5166015625,177.8507080078125,7.732460653642192e-05,-8.54608733789064e-05,5.641514778137207,46722.84765625,2.4337728023529053,998.6803588867188,1271.0379638671875,19.022018432617188,203.3927764892578
240,2064.383056640625,31.1577205657959,178.39100646972656,7.900821219664067e-05,-8.385873661609367e-05,5.8601393699646,12691.529296875,2.1383368968963623,1081.1378173828125,1291.4923095703125,18.5616397857666,204.41592407226562
241,2555.6669921875,31.014123916625977,193.92074584960938,6.544772622874007e-05,-0.00010157145152334124,5.807217597961426,13353.8984375,2.333282470703125,1049.6385498046875,1386.6842041015625,19.965124130249023,208.92750549316406
242,3283.576904296875,29.376567840576172,196.2843017578125,9.166613745037466e-05,-9.069831139640883e-05,5.858996868133545,4575.927734375,2.1955573558807373,915.5643310546875,1161.605224609375,31.606552124023438,212.3325653076172
243,4082.63232421875,30.96433448791504,189.3981475830078,8.320409688167274e-05,-0.00010937198385363445,5.902456283569336,15540.7646484375,2.1187031269073486,1047.585205078125,758.032958984375,55.70928955078125,190.43728637695312
244,4563.2939453125,31.135910034179688,177.9608917236328,0.0001099713408621028,-0.00011312189599266276,5.925083160400391,7595.08349609375,2.1084890365600586,1160.96630859375,589.1378173828125,61.1777458190918,178.36497497558594
245,4789.43310546875,29.3536376953125,172.66552734375,0.00011404153337934986,-0.00012970982061233371,5.968938827514648,4490.72119140625,1.9346414804458618,1184.9263916015625,495.8971252441406,63.77178955078125,184.02841186523438
246,5221.81103515625,26.529186248779297,171.8624267578125,9.341395343653858e-05,-0.00010340013250242919,6.161070823669434,961.699951171875,1.6123161315917969,1144.8250732421875,407.49462890625,65.74620819091797,166.61935424804688
247,4907.8740234375,28.68520736694336,177.79994201660156,5.539642370422371e-05,-5.359691203921102e-05,5.900353908538818,4377.5986328125,1.7774417400360107,1090.75146484375,303.9696960449219,60.67517852783203,210.6998748779297
248,4694.6591796875,32.23897933959961,171.14404296875,7.544035906903446e-05,-8.478215022478253e-05,5.674324989318848,112149.1328125,2.2403199672698975,1010.7381591796875,284.6139831542969,59.66725540161133,217.04225158691406
249,4946.6865234375,32.86600875854492,178.8459014892578,0.00010056498285848647,-0.00010922114597633481,5.612569808959961,3849.454833984375,2.2486648559570312,972.0863037109375,,60.31675338745117,
250,4783.806640625,35.57044219970703,174.17709350585938,7.475406164303422e-05,-8.85213230503723e-05,5.571179389953613,15692.86328125,2.519869565963745,978.1129150390625,,60.59436798095703,
251,4407.380859375,34.142822265625,181.31651306152344,5.7484307035338134e-05,-5.87034628551919e-05,5.566985130310059,25155.62109375,2.4965715408325195,1033.89404296875,,60.33557891845703,
252,2194.5791015625,19.037073135375977,99.37400817871094,0.0013694048393517733,0.0009614255395717919,8.82926082611084,97120.46875,9.039531707763672,1115.1453857421875,,59.36669921875,
253,239.35276794433594,1.2739149332046509,162.79354858398438,0.00010610102617647499,6.7352571022638585e-06,9.390315055847168,3398.830810546875,0.5163225531578064,755.489990234375,,30.911287307739258,
254,290.8804626464844,1.2903162240982056,185.96604919433594,5.9775080444524065e-05,-5.970644997432828e-05,8.901378631591797,924.349853515625,0.2996993064880371,629.8955688476562,1210.3319091796875,32.09305191040039,207.83114624023438
255,415.7135925292969,8.724750518798828,183.36111450195312,0.00016623293049633503,-0.00016617108485661447,7.36499547958374,283.7537841796875,1.1358084678649902,892.1417846679688,1319.225830078125,20.846677780151367,209.23590087890625
256,1031.3353271484375,24.57876968383789,178.7374725341797,0.00016775143740233034,-0.00016604291158728302,5.85837459564209,6564.11572265625,2.203287363052368,1057.8365478515625,1396.6021728515625,13.964351654052734,209.83653259277344
257,1832.16455078125,29.845117568969727,188.42141723632812,8.097616955637932e-05,-5.9582267567748204e-05,5.568974494934082,5738.04296875,2.4797754287719727,1083.864990234375,1372.6395263671875,15.668166160583496,210.1842041015625
258,1999.707275390625,29.73659896850586,181.50253295898438,7.247541361721233e-05,-6.328275048872456e-05,5.6061601638793945,10549.9228515625,2.376556634902954,1065.043701171875,1259.0078125,17.282480239868164,207.60995483398438
259,2100.820556640625,28.05751609802246,172.11790466308594,7.15345231583342e-05,-5.8473153330851346e-05,5.722744941711426,4521.8349609375,2.17781925201416,1136.72216796875,1212.087158203125,18.3182430267334,206.05697631835938
260,1719.6026611328125,30.135225296020508,181.63177490234375,6.668741116300225e-05,-4.67092395410873e-05,5.728989124298096,279992.0,2.1157541275024414,1056.1212158203125,1173.4215087890625,19.42449951171875,205.0623016357422
261,2455.415283203125,30.811635971069336,180.78343200683594,5.402061651693657e-05,-4.224703661748208e-05,5.718141555786133,1729.6424560546875,2.1297383308410645,1153.97705078125,1202.0445556640625,16.502281188964844,208.7057647705078
262,2674.109619140625,32.964176177978516,181.57366943359375,8.247941150330007e-05,-7.108735735528171e-05,5.716429233551025,5096.07568359375,2.119776964187622,1014.870849609375,1219.66015625,18.228710174560547,210.8680877685547
263,3553.129638671875,32.52955627441406,186.7224578857422,6.617351755267009e-05,-5.885945211048238e-05,5.764484882354736,3820.50732421875,2.156085729598999,1191.2154541015625,1269.532470703125,36.38427734375,206.96888732910156
264,3671.9892578125,31.644207000732422,186.02239990234375,8.641578460810706e-05,-0.00010132761963177472,5.890862464904785,13247.412109375,2.110943078994751,1022.3270263671875,1140.6925048828125,41.66370391845703,198.5774383544922
265,4651.0791015625,27.888124465942383,181.15078735351562,0.00012435708777047694,-0.00012511707609519362,6.081650733947754,6955.021484375,2.0033340454101562,1172.4456787109375,972.219970703125,68.6399154663086,137.23001098632812
266,5079.07763671875,24.938838958740234,180.80715942382812,0.00012799700198229402,-0.00012564404460135847,6.330903053283691,1510.2342529296875,1.7047466039657593,1361.6673583984375,635.7855834960938,68.5612564086914,91.85183715820312
267,5149.69775390625,25.58372688293457,169.38282775878906,0.00013984661200083792,-0.0001584304409334436,6.3039398193359375,1880.56640625,1.680019497871399,1245.662353515625,521.614990234375,68.91641998291016,130.9568328857422
268,5196.98828125,23.060134887695312,174.49607849121094,0.00013168736768420786,-0.00013751626829616725,6.304124355316162,1088.6820068359375,1.4751642942428589,1048.5697021484375,450.161865234375,68.04640197753906,178.67904663085938
269,4986.05615234375,24.61127281188965,174.51162719726562,6.760552059859037e-05,-6.0655987908830866e-05,6.190676212310791,2148.36865234375,1.4357863664627075,1013.8646850585938,379.1898498535156,62.6318359375,207.90061950683594
270,4831.96337890625,29.108549118041992,169.85910034179688,7.853234274080023e-05,-8.58679341035895e-05,5.8233962059021,22884.87109375,1.8873271942138672,961.9006958007812,298.00567626953125,59.07420349121094,215.0667266845703
271,4821.6962890625,32.0419807434082,174.16140747070312,7.51707557355985e-05,-8.380688086617738e-05,5.6752238273620605,44008.515625,2.1979997158050537,1047.674560546875,280.90283203125,59.679813385009766,218.7691192626953
272,4890.837890625,28.654573440551758,175.6037139892578,9.432078513782471e-05,-0.0001025335950544104,5.897897720336914,1567.8602294921875,1.8780784606933594,972.70703125,,59.6252326965332,
273,5052.060546875,29.42223358154297,189.64845275878906,9.226148540619761e-05,-0.00010735068644862622,5.809500694274902,3589.281494140625,1.9861505031585693,1067.8212890625,,62.28831481933594,
274,4725.587890625,28.645977020263672,184.82220458984375,0.0001013353539747186,-0.00010541094525251538,5.8095784187316895,2137.513671875,2.0197219848632812,1080.68896484375,,60.254390716552734,
275,2878.62939453125,16.36249351501465,96.92442321777344,0.0017915520584210753,0.0012519480660557747,8.60170841217041,1351.743896484375,10.314946174621582,1309.18798828125,,55.00472640991211,
276,248.19937133789062,1.4156999588012695,159.3641357421875,9.794811194296926e-05,1.83538122655591e-05,9.24399471282959,525.303466796875,0.5589668154716492,680.6449584960938,,26.575679779052734,
277,338.3360900878906,3.371691942214966,196.655517578125,7.102022937033325e-05,-7.308665226446465e-05,8.284890174865723,2310.134765625,0.5660926103591919,590.07373046875,1279.997314453125,25.61308479309082,208.84951782226562
278,477.23809814453125,9.359683990478516,178.28846740722656,0.00016385718481615186,-0.00016980408690869808,7.223360538482666,4810.720703125,1.2988160848617554,1107.5106201171875,1395.0054931640625,19.59654426574707,207.74468994140625
279,1264.732177734375,27.883983612060547,180.93153381347656,0.0001250689965672791,-0.0001141968386946246,5.712121963500977,6502.78076171875,2.450164318084717,1147.86279296875,1451.49609375,15.713240623474121,210.03909301757812
280,1870.2008056640625,31.777467727661133,174.46664428710938,6.732265319442376e-05,-4.374484342406504e-05,5.521187782287598,15199.6640625,2.5682578086853027,1088.8067626953125,1356.71533203125,17.722524642944336,208.27845764160156
281,2100.072265625,29.52558135986328,175.22134399414062,7.518776692450047e-05,-5.3001440392108634e-05,5.67910623550415,3735.5927734375,2.245807409286499,1021.7969970703125,1225.24951171875,17.489253997802734,207.4581298828125
282,2313.8720703125,25.351015090942383,171.2392578125,4.934256139677018e-05,-5.3593390475725755e-05,5.863993167877197,1807.040771484375,1.9577915668487549,1080.856201171875,1181.0262451171875,16.771982192993164,207.72738647460938
283,1990.7374267578125,29.357215881347656,177.20413208007812,8.480156975565478e-05,-8.296358282677829e-05,5.777652740478516,70373.5,2.099196434020996,1022.8739624023438,1132.2281494140625,18.679855346679688,205.2414093017578
284,2247.577880859375,31.548934936523438,177.9702911376953,6.79626245982945e-05,-5.896150105400011e-05,5.837860584259033,173877.609375,2.0236294269561768,1113.230224609375,1130.575927734375,18.801654815673828,206.68405151367188
285,4068.78564453125,30.92262840270996,181.75827026367188,4.0573726437287405e-05,-5.774946112069301e-05,5.867564678192139,1653.8880615234375,2.034381866455078,1197.3353271484375,1176.453369140625,51.91120910644531,198.73135375976562
286,4553.673828125,29.27400779724121,181.86622619628906,0.00010468100663274527,-0.0001105338305933401,6.047445774078369,2196.1962890625,1.8914481401443481,1132.141845703125,1073.51611328125,64.2369613647461,155.8558807373047
287,4938.55322265625,27.302160263061523,189.77883911132812,0.00014374966849572957,-0.00015552283730357885,6.137378215789795,3723.996337890625,1.9382781982421875,1124.6220703125,751.4130859375,66.9517593383789,116.03118896484375
288,5156.68310546875,26.251846313476562,183.537841796875,0.00015777730732224882,-0.0001763171167112887,6.1862263679504395,3097.75830078125,1.8792561292648315,1187.356689453125,621.8544311523438,66.54853057861328,109.07770538330078
289,4803.0380859375,26.212324142456055,174.72361755371094,0.00012719178630504757,-0.00014587370969820768,6.2037763595581055,3635.882568359375,1.6605188846588135,1031.9239501953125,515.505615234375,64.43505096435547,198.6001739501953
290,5244.1396484375,27.269853591918945,174.5048065185547,0.00012072929530404508,-0.00012851563224103302,6.038206100463867,1573.7012939453125,1.7632496356964111,1242.8721923828125,454.9051208496094,65.36532592773438,166.74269104003906
291,5116.46240234375,26.723663330078125,177.11712646484375,0.00010106450645253062,-0.00011273453128524125,5.987452030181885,1497.9117431640625,1.8098446130752563,949.2548217773438,410.3475341796875,62.4228515625,201.5946044921875
292,4921.51513671875,27.44029426574707,176.79244995117188,0.00012905742914881557,-0.0001350568054476753,5.979628562927246,5698.09814453125,1.7883005142211914,968.7216796875,366.8169250488281,59.701446533203125,214.11741638183594
293,4987.31591796875,26.69391632080078,173.7514190673828,0.00011047816224163398,-0.00011025887943105772,5.977856159210205,7419.74267578125,1.778733253479004,1052.7735595703125,290.0601501464844,59.95582580566406,215.51756286621094
294,4783.94287109375,18.70945167541504,170.7141571044922,8.815679757390171e-05,-8.905347931431606e-05,6.6206231117248535,14473.029296875,1.0893259048461914,994.2073974609375,264.7391357421875,61.2443962097168,219.76593017578125
295,5310.11865234375,21.930078506469727,177.67127990722656,8.084799628704786e-05,-8.066618465818465e-05,6.443426609039307,561.4869384765625,0.9840008020401001,1132.59033203125,,66.93927764892578,
296,4850.30419921875,23.701642990112305,158.98973083496094,9.844087617238984e-05,-0.00011094571527792141,6.198663234710693,2750.5869140625,1.433218002319336,891.5423583984375,,61.8491096496582,
297,4322.79150390625,29.12615966796875,165.34864807128906,9.783190034795552e-05,-0.00010291158832842484,5.739659786224365,18877.404296875,2.2032954692840576,1097.36328125,,51.64491271972656,
298,2336.57470703125,12.9718599319458,103.14144134521484,0.001453386270441115,0.0009912007953971624,8.725179672241211,118609.3984375,7.979679107666016,1442.6171875,,55.09796142578125,
299,261.52386474609375,1.8262656927108765,159.43380737304688,0.00010041305358754471,1.9049100956181064e-05,9.090513229370117,493.8497314453125,0.6180654168128967,713.5825805664062,,25.365264892578125,
300,537.0914916992188,10.330403327941895,188.5106201171875,0.00017258190200664103,-0.00016979842621367425,7.119706630706787,310.05523681640625,1.4099887609481812,1034.286376953125,1373.0877685546875,18.55093765258789,209.70152282714844
301,556.6552124023438,5.001330375671387,203.37704467773438,4.882879875367507e-05,-5.167449853615835e-05,7.946911811828613,3723.421142578125,0.7124500870704651,679.5499267578125,1462.6678466796875,22.88689613342285,206.5185089111328
302,1191.289794921875,28.295921325683594,183.88478088378906,0.00013707278412766755,-0.0001358011068077758,5.709897994995117,85953.875,2.414201498031616,996.8411254882812,1496.2957763671875,17.790611267089844,210.62049865722656
303,1748.533447265625,32.306678771972656,185.0763702392578,7.389876554952934e-05,-7.648635073564947e-05,5.512158393859863,81806.46875,2.5957436561584473,992.7307739257812,1361.5411376953125,19.329198837280273,208.89512634277344
304,1952.9248046875,31.375051498413086,176.36598205566406,4.4278858695179224e-05,-4.134548726142384e-05,5.685832977294922,24361.802734375,2.1946582794189453,1120.2572021484375,1199.9715576171875,16.868825912475586,209.35916137695312
305,2299.75634765625,28.0993595123291,189.90884399414062,8.128456101985648e-05,-9.967030200641602e-05,5.855469703674316,6770.50830078125,2.0011086463928223,969.2836303710938,1156.5301513671875,17.190263748168945,208.06484985351562
306,2838.023681640625,31.368000030517578,187.23040771484375,4.8442241677548736e-05,-5.990300633129664e-05,5.756787300109863,2951.267333984375,2.157846212387085,1011.3236083984375,1153.5093994140625,20.510921478271484,213.41505432128906
307,2722.9052734375,32.0957145690918,186.93524169921875,4.984931365470402e-05,-5.3718042181571946e-05,5.81582498550415,318382.21875,2.085753917694092,1043.4197998046875,1040.091796875,23.949077606201172,211.9786376953125
308,3996.2177734375,32.28151321411133,166.78570556640625,6.83029429637827e-05,-7.437778549501672e-05,5.84263277053833,1949.539794921875,2.1334288120269775,1141.7703857421875,950.6788940429688,47.65333557128906,186.50311279296875
309,5014.55908203125,26.150230407714844,177.63397216796875,0.00014035905769560486,-0.0001517710043117404,6.216274738311768,939.086669921875,1.6689324378967285,1179.9794921875,869.508056640625,68.78335571289062,148.09622192382812
310,5080.31787109375,29.47391128540039,166.01756286621094,0.00011792092846008018,-0.0001512778690084815,5.975572109222412,1986.186767578125,1.9319562911987305,1252.4173583984375,616.4998168945312,65.3663101196289,169.73403930664062
311,5190.95703125,29.930402755737305,170.08645629882812,7.464463851647452e-05,-8.854140469338745e-05,5.880661487579346,1662.986328125,1.9960155487060547,1308.503173828125,516.3746948242188,63.76445007324219,183.35806274414062
312,4755.083984375,29.395015716552734,165.20431518554688,0.00010903988004429266,-0.00011695221473928541,6.021825313568115,4194.75146484375,1.898459792137146,1020.2210083007812,468.45635986328125,61.21288299560547,209.81869506835938
313,5355.30322265625,27.60458755493164,174.6264190673828,0.00013318387209437788,-0.00013717036927118897,5.977455139160156,867.7264404296875,1.8356503248214722,1107.6856689453125,419.8572082519531,63.331146240234375,185.8937225341797
314,5150.31494140625,23.68517303466797,166.6128387451172,0.00013927818508818746,-0.0001455361198168248,6.2834153175354,1227.143310546875,1.5707911252975464,983.332275390625,384.3294982910156,61.12224197387695,209.23460388183594
315,5172.37548828125,22.254844665527344,169.692138671875,0.00012735900236293674,-0.00012199017510283738,6.272770404815674,1012.76708984375,1.3480256795883179,985.8193969726562,342.2478942871094,60.33818435668945,211.9925537109375
316,5157.326171875,18.335540771484375,191.19883728027344,7.004491635598242e-05,-7.030012784525752e-05,6.8102030754089355,1342.1060791015625,0.8321033716201782,1005.1556396484375,272.1059875488281,61.689727783203125,210.66688537597656
317,4940.8388671875,14.804176330566406,160.7014923095703,7.415842264890671e-05,-7.902316428953782e-05,7.647460460662842,1702.0279541015625,0.5605199933052063,1109.5926513671875,242.9320526123047,63.333717346191406,218.0911102294922
318,5038.802734375,18.722034454345703,172.77450561523438,7.722211739746854e-05,-8.366829570150003e-05,6.688510417938232,1110.4088134765625,0.8899515271186829,1057.181396484375,,63.50127029418945,
319,4788.39453125,30.037355422973633,182.88583374023438,7.411027763737366e-05,-8.544605952920392e-05,5.796935081481934,17032.845703125,1.798240065574646,1119.5208740234375,,57.15376663208008,
320,4651.77734375,28.06186294555664,194.96597290039062,7.747868949081749e-05,-7.797622674843296e-05,5.963876247406006,11517.6318359375,1.616494059562683,1045.0574951171875,,60.58759307861328,
321,3427.2041015625,17.502065658569336,133.6531219482422,0.0015247468836605549,0.001615186920389533,8.14995002746582,1100.4705810546875,9.8930025100708,1110.2952880859375,,65.05548095703125,
322,383.0927429199219,7.137388706207275,151.744384765625,0.0001782730978447944,-3.837527765426785e-05,8.246079444885254,422.31903076171875,1.3146450519561768,1009.8225708007812,,14.796586036682129,
323,624.5459594726562,7.688007354736328,175.7368927001953,0.0001047813129844144,-0.00010792868852149695,7.375964164733887,388.5408630371094,1.1046744585037231,1136.5775146484375,1448.119873046875,20.078838348388672,136.6710205078125
324,1099.0147705078125,18.937198638916016,190.09127807617188,0.00010349537478759885,-8.735254232306033e-05,6.37730073928833,1688.6353759765625,1.8762497901916504,890.654541015625,1514.3370361328125,17.264692306518555,202.4238739013672
325,1496.5882568359375,30.505659103393555,182.0603485107422,8.681541658006608e-05,-8.846165292197838e-05,5.5768561363220215,33901.6171875,2.4847395420074463,1012.8878173828125,1491.8065185546875,19.87250328063965,210.96055603027344
326,1863.66552734375,29.972698211669922,172.53553771972656,9.451960067963228e-05,-9.632557339500636e-05,5.631364345550537,7950.97412109375,2.348832845687866,1015.9646606445312,1349.1812744140625,17.405517578125,209.81358337402344
327,1866.829833984375,28.16941261291504,183.71566772460938,0.00011906666622962803,-0.0001217027529492043,5.806690216064453,7799.35009765625,2.053861379623413,929.58984375,1210.529296875,13.903897285461426,209.5568084716797
328,2625.666015625,30.99489974975586,183.59840393066406,5.2675728511530906e-05,-3.9502254367107525e-05,5.787700653076172,8456.7822265625,2.0616862773895264,1122.3370361328125,1097.7666015625,16.00070571899414,212.17393493652344
329,3603.36962890625,31.155685424804688,185.1763458251953,6.187699182191864e-05,-6.265911360969767e-05,5.83256721496582,3642.724365234375,2.071580410003662,1042.2698974609375,1052.71533203125,36.6930046081543,214.99282836914062
330,3383.663330078125,33.489532470703125,168.91481018066406,7.298427954083309e-05,-7.365070632658899e-05,5.79714822769165,174892.828125,2.0828588008880615,1029.8348388671875,825.6096801757812,34.64044189453125,214.76515197753906
331,4322.642578125,31.74685287475586,179.67776489257812,9.633324225433171e-05,-0.00010137914796359837,5.916548728942871,2659.73779296875,2.0103423595428467,1267.8616943359375,734.939697265625,55.15448760986328,189.06724548339844
332,4769.673828125,29.095985412597656,177.4873504638672,0.00010698456026148051,-0.0001259834534721449,5.914567470550537,1747.340576171875,1.9330589771270752,1100.2464599609375,658.5079345703125,67.15937805175781,206.11279296875
333,4534.0029296875,31.471315383911133,172.01052856445312,8.415783668169752e-05,-8.544611773686484e-05,5.7841010093688965,4379.84375,2.1631548404693604,1091.5064697265625,491.53057861328125,60.93669128417969,217.52423095703125
334,4417.47021484375,24.770017623901367,167.93472290039062,8.913848432712257e-05,-0.00011011388414772227,6.2293901443481445,5285.041015625,1.7240471839904785,1055.37841796875,446.0067443847656,60.227725982666016,216.6869354248047
335,5122.30322265625,28.072378158569336,188.72560119628906,8.83607572177425e-05,-9.285425039706752e-05,5.933185577392578,2798.720947265625,1.9007925987243652,1181.6676025390625,406.174560546875,61.67264938354492,190.3532257080078
336,5331.1533203125,25.881858825683594,174.28814697265625,0.00017169762577395886,-0.00018383722635917366,6.134233474731445,1258.857666015625,1.7224675416946411,959.0296020507812,368.5121765136719,61.6330680847168,198.93032836914062
337,5132.56396484375,18.801664352416992,172.6085205078125,0.00011690671817632392,-0.0001271160290343687,6.71363639831543,790.9864501953125,1.1372483968734741,996.6900634765625,334.17486572265625,60.45499801635742,212.84654235839844
338,5292.8037109375,18.662975311279297,180.0081329345703,8.668320515425876e-05,-8.765157690504566e-05,6.704227924346924,585.617919921875,0.8938418030738831,1092.3662109375,295.5434265136719,62.809505462646484,201.85968017578125
339,5524.1728515625,17.365407943725586,178.8642120361328,9.033728565555066e-05,-7.454071601387113e-05,6.900280952453613,685.835693359375,0.6410027146339417,1141.7296142578125,241.90817260742188,65.70156860351562,195.7421112060547
340,5192.37744140625,16.694011688232422,187.61282348632812,6.581336492672563e-05,-6.223184027476236e-05,7.385379314422607,744.4205932617188,0.6516560912132263,1143.466552734375,214.59860229492188,63.872371673583984,210.3125762939453
341,4828.67822265625,27.659616470336914,183.01690673828125,6.314624624792486e-05,-7.854857540223747e-05,6.043550491333008,33065.1171875,1.600063443183899,965.1576538085938,,60.287208557128906,
342,5072.12451171875,29.66014862060547,182.0746307373047,8.180673466995358e-05,-8.66498303366825e-05,6.0566887855529785,13741.1943359375,1.3884941339492798,1029.935302734375,,63.129417419433594,
343,5400.35498046875,25.072912216186523,176.3756866455078,0.00012365725706331432,-0.00011983196600340307,6.298480033874512,1209.6982421875,1.1317776441574097,978.7559814453125,,65.31934356689453,
344,3515.25732421875,17.950868606567383,124.8709945678711,0.0015410989290103316,0.0013102081138640642,8.002716064453125,8307.169921875,10.086284637451172,1484.25146484375,,59.65900421142578,
345,332.641845703125,4.853470325469971,136.7441864013672,0.00016043640789575875,1.0330025361326989e-05,8.735132217407227,8321.5478515625,1.131117343902588,873.0615234375,,18.978429794311523,
346,924.9857177734375,18.58460235595703,194.70916748046875,0.00010142462269868702,-9.480076550971717e-05,6.604445457458496,1220.9266357421875,1.8008320331573486,910.4562377929688,1447.6231689453125,15.859471321105957,210.12689208984375
347,1722.048828125,30.442977905273438,184.99307250976562,0.00012064365728292614,-0.00011444288975326344,5.500888824462891,1437.6429443359375,2.729994535446167,1048.1513671875,1476.563232421875,14.58197021484375,210.30430603027344
348,1764.729736328125,29.16817855834961,172.8663787841797,9.083018085220829e-05,-6.0876147472299635e-05,5.622325420379639,14904.7451171875,2.408785104751587,1059.8704833984375,1451.4893798828125,16.636272430419922,210.21548461914062
349,1883.614013671875,27.078401565551758,184.24342346191406,6.415133248083293e-05,-6.236785702640191e-05,5.786709308624268,2677.882568359375,2.148003101348877,1122.1190185546875,1392.5,16.0358943939209,210.8219757080078
350,2697.940185546875,29.338539123535156,192.0439910888672,3.569698674255051e-05,-1.4975443264120258e-05,5.795463562011719,3046.162841796875,2.113642692565918,1216.806640625,1351.94677734375,19.57192039489746,213.51072692871094
351,3146.758056640625,32.179744720458984,192.59912109375,4.227045064908452e-05,-6.919839506736025e-05,5.761381149291992,10116.02734375,2.194720506668091,1077.0269775390625,1179.8990478515625,25.332300186157227,215.38607788085938
352,4261.45263671875,29.199634552001953,183.34402465820312,8.39670465211384e-05,-8.341446664417163e-05,5.950335502624512,2715.0380859375,1.9289255142211914,1090.9635009765625,898.2933959960938,56.49889373779297,206.65203857421875
353,3511.595458984375,33.909324645996094,182.33843994140625,5.3204661526251584e-05,-7.094702596077695e-05,5.855521202087402,274478.71875,2.1207306385040283,1284.7723388671875,643.211181640625,35.41896438598633,209.3915252685547
354,4090.397705078125,31.422311782836914,161.40945434570312,5.996994877932593e-05,-8.318869367940351e-05,5.827756881713867,119876.8203125,2.0023539066314697,1093.7056884765625,561.2011108398438,56.4750862121582,217.11500549316406
355,4804.244140625,32.23615646362305,170.5154266357422,7.75576481828466e-05,-7.366203499259427e-05,5.65756893157959,2512.389892578125,2.268411636352539,1184.8931884765625,546.7919921875,65.4881591796875,214.1856689453125
356,4514.21630859375,29.955745697021484,174.73489379882812,9.099720773519948e-05,-9.456368570681661e-05,5.908985137939453,22473.8828125,2.0531492233276367,1105.6285400390625,459.9155578613281,58.79217529296875,214.6482391357422
357,4803.71630859375,30.39116668701172,184.66265869140625,7.7109805715736e-05,-8.08182085165754e-05,5.811175346374512,12419.6728515625,2.1207022666931152,1063.3299560546875,419.324951171875,59.44831085205078,211.36033630371094
358,5327.34619140625,29.86666488647461,169.534912109375,0.00010359982843510807,-0.0001060556314769201,5.805063247680664,2997.3564453125,2.005511999130249,1177.7672119140625,390.2955322265625,64.00759887695312,185.9778594970703
359,5382.94384765625,29.731595993041992,182.54519653320312,0.00010909022967098281,-0.0001238171971635893,5.857009410858154,1520.5078125,1.9661552906036377,1100.0587158203125,358.1005859375,61.91118240356445,197.69227600097656
360,4932.47216796875,18.695219039916992,156.92193603515625,8.069221075857058e-05,-7.998042565304786e-05,7.188063621520996,2186.12548828125,1.144174337387085,1057.734375,314.65753173828125,62.46336364746094,199.00924682617188
361,4916.7119140625,12.054603576660156,136.36439514160156,4.448308391147293e-05,-5.504303771886043e-05,8.592063903808594,712.082763671875,0.5892091989517212,995.69775390625,280.50775146484375,65.97251892089844,153.15516662597656
362,5183.5234375,14.984601020812988,191.5364532470703,6.22126244707033e-05,-5.905739817535505e-05,7.251950263977051,1405.66455078125,0.6429827213287354,983.2921752929688,231.00697326660156,62.790306091308594,208.3126220703125
363,4919.03857421875,23.820592880249023,165.87155151367188,7.823407941032201e-05,-8.866695134202018e-05,6.466790676116943,7466.69384765625,1.2393664121627808,984.1533203125,199.8111572265625,62.27547836303711,217.3435516357422
364,5417.6357421875,26.60666275024414,188.0882568359375,0.0001062745795934461,-0.00012392838834784925,6.186435699462891,3615.130126953125,1.245347261428833,1043.9827880859375,,63.8704833984375,
365,5566.44091796875,23.390323638916016,174.16925048828125,0.00014504030696116388,-0.0001595936482772231,6.4401726722717285,612.4407958984375,1.1071478128433228,1041.3782958984375,,66.11546325683594,
366,5132.89501953125,22.042877197265625,179.78164672851562,9.695113112684339e-05,-0.00011024605191778392,6.742852687835693,1538.661376953125,0.9654760956764221,1078.5716552734375,,61.92891311645508,
367,3907.971435546875,20.37186050415039,121.72737121582031,0.0015802908455953002,0.0013842529151588678,7.635661602020264,1749.3572998046875,9.993254661560059,1255.4097900390625,,62.61001968383789,
368,642.8103637695312,22.672056198120117,136.57406616210938,0.00033341668313369155,-1.9835177226923406e-05,7.245553493499756,26808.376953125,2.9937689304351807,1203.5384521484375,,13.962518692016602,
369,1264.8492431640625,30.48463249206543,173.77435302734375,9.20053935260512e-05,-6.699735240545124e-05,5.573301792144775,18496.763671875,2.564068555831909,1087.361083984375,1380.101806640625,14.301156997680664,210.5804443359375
370,1402.4437255859375,27.155580520629883,168.87371826171875,0.00011091460328316316,-9.886841871775687e-05,6.026231288909912,18424.6953125,2.2415521144866943,999.3358764648438,1425.4053955078125,21.27904510498047,210.13572692871094
371,1820.4156494140625,28.59703254699707,184.3251190185547,8.750944107305259e-05,-8.832183084450662e-05,5.727921009063721,8075.01611328125,2.315951347351074,1013.5011596679688,1690.2884521484375,15.86357593536377,211.3131866455078
372,2035.6295166015625,30.21719741821289,186.2165985107422,9.6729418146424e-05,-0.00010503915837034583,5.80968713760376,17020.18359375,2.143693447113037,1003.5032958984375,1783.4346923828125,14.816629409790039,211.4864044189453
373,3546.656494140625,30.96098518371582,188.80535888671875,4.6611487050540745e-05,-3.816253229160793e-05,5.762312889099121,2777.242919921875,2.2226457595825195,1209.686767578125,1617.0506591796875,35.21946716308594,200.81385803222656
374,4469.12353515625,30.39761734008789,192.96548461914062,0.00012030573998345062,-0.00013554721954278648,5.964235305786133,2560.513427734375,2.0823793411254883,1034.7620849609375,1293.2076416015625,60.13471603393555,171.91168212890625
375,4714.24462890625,30.227088928222656,189.66822814941406,0.00012467954366002232,-0.0001214644726132974,5.9409260749816895,4000.869873046875,2.0455009937286377,1185.20361328125,767.745361328125,64.3606948852539,177.223388671875
376,4562.30322265625,33.835792541503906,184.28553771972656,0.0001033045191434212,-0.00010353511606808752,5.751553058624268,8491.8349609375,2.3079605102539062,1062.870849609375,581.15576171875,57.817256927490234,190.74974060058594
377,3607.914794921875,34.58210754394531,180.68551635742188,6.022058369126171e-05,-6.19004713371396e-05,5.708583831787109,326993.34375,2.201787233352661,1167.7626953125,507.4465026855469,49.341827392578125,215.93045043945312
378,4248.44580078125,31.703298568725586,174.0909881591797,5.152508310857229e-05,-4.9763068091124296e-05,5.743267059326172,13610.2080078125,2.0391507148742676,1148.432373046875,493.55853271484375,55.12673568725586,216.71463012695312
379,4267.92138671875,31.299480438232422,166.09259033203125,5.922895797993988e-05,-7.147524593165144e-05,5.844921588897705,143298.390625,1.9585468769073486,1089.7869873046875,424.4248352050781,57.28083419799805,213.53529357910156
380,5183.8203125,30.21610450744629,172.0795440673828,7.704219751758501e-05,-8.500423427904025e-05,5.80932092666626,1675.1253662109375,2.062873363494873,1208.521484375,378.7827453613281,62.22711944580078,193.04026794433594
381,5184.5498046875,32.002708435058594,172.6793670654297,0.00010139858932234347,-9.89215332083404e-05,5.7127532958984375,4232.82080078125,2.2106645107269287,1072.6234130859375,357.10369873046875,61.854583740234375,203.97743225097656
382,5001.25,24.76408576965332,171.9315185546875,0.00010659575491445139,-0.00011597149568842724,6.1231369972229,6822.19921875,1.6462846994400024,1023.8500366210938,329.53607177734375,60.84814453125,213.2360382080078
383,4717.19970703125,11.934645652770996,175.3776397705078,7.751913653919473e-05,-8.60929794725962e-05,7.291729927062988,3097.5771484375,0.7765403389930725,894.7007446289062,303.7226257324219,60.54240417480469,221.70335388183594
384,5412.2763671875,13.73544692993164,168.26243591308594,7.167024159571156e-05,-6.335504440357909e-05,7.313785552978516,463.09552001953125,0.6577557325363159,1168.7913818359375,283.810302734375,62.76536178588867,208.90036010742188
385,5179.69873046875,19.857206344604492,156.44776916503906,7.703264418523759e-05,-7.195537182269618e-05,6.572523593902588,990.207763671875,1.0418000221252441,1177.7149658203125,221.3621826171875,61.9090461730957,210.94705200195312
386,4951.56494140625,22.229524612426758,184.35531616210938,0.00012162069469923154,-0.0001372011174680665,6.446784496307373,3752.129638671875,1.2353870868682861,918.7662963867188,195.72979736328125,60.88694763183594,221.0606231689453
387,5410.45849609375,19.851123809814453,170.55213928222656,0.00015382372657768428,-0.00014300986367743462,6.7139506340026855,701.8637084960938,0.8522816300392151,1143.9600830078125,,67.56792449951172,
388,5155.23291015625,18.91530418395996,156.00967407226562,0.00010353404650231823,-0.00011207147326786071,6.875219821929932,1432.34716796875,0.9266777634620667,1140.649169921875,,62.09105682373047,
389,4802.91357421875,16.19536590576172,110.33683013916016,8.010645979084074e-05,-9.587747626937926e-05,7.934235572814941,583.2335815429688,0.9149460196495056,1199.532470703125,,66.66014862060547,
390,4052.45166015625,18.140350341796875,149.59725952148438,0.0015861156862229109,0.0014348892727866769,7.590112209320068,572.705810546875,10.4325590133667,1587.3377685546875,,62.102359771728516,
391,846.8734130859375,21.73122787475586,132.7555694580078,0.00031753481016494334,7.659653056180105e-05,7.4803996086120605,29681.2890625,2.991265296936035,1224.626708984375,,15.47924518585205,
392,1138.1549072265625,27.0267391204834,168.8547821044922,0.00010034540173364803,-0.00010081355867441744,5.779486179351807,50533.39453125,2.1758413314819336,966.1408081054688,1349.778076171875,17.48206329345703,210.30323791503906
393,1520.1361083984375,29.57366371154785,180.32884216308594,0.00011191929661436006,-0.00011004477710230276,5.684096336364746,7663.6005859375,2.441593885421753,1085.0113525390625,1482.1763916015625,14.364287376403809,210.5398406982422
394,2115.456787109375,28.215633392333984,187.17861938476562,8.835744665702805e-05,-8.635690755909309e-05,5.746035099029541,4466.88134765625,2.181929111480713,1039.745361328125,2018.8507080078125,14.252869606018066,211.37835693359375
395,2816.267333984375,30.000057220458984,186.08587646484375,5.994658567942679e-05,-5.0616497901501134e-05,5.79048490524292,11394.65234375,2.0739641189575195,1019.6844482421875,2173.5263671875,18.411823272705078,211.77024841308594
396,3594.9033203125,32.719966888427734,172.2031707763672,4.706768595497124e-05,-4.4020569475833327e-05,5.776521682739258,15393.4619140625,2.11814022064209,1077.4017333984375,1409.34912109375,34.912147521972656,202.7671661376953
397,4555.75146484375,30.652536392211914,171.02194213867188,9.819297702051699e-05,-0.00012650543067138642,5.987654209136963,2993.309326171875,1.979081392288208,1117.6378173828125,968.5516967773438,59.543731689453125,166.8763885498047
398,5122.5830078125,28.352954864501953,181.2327117919922,0.0001389252138324082,-0.00013655009388457984,6.037101745605469,1476.0665283203125,1.909794807434082,1253.6746826171875,703.638671875,66.67000579833984,170.03298950195312
399,4930.0458984375,31.41893196105957,180.5297088623047,7.973342871991917e-05,-0.00010811925312737003,5.700730323791504,2141.163330078125,2.229863405227661,1070.56201171875,589.8348999023438,64.26477813720703,213.32882690429688
400,4865.78173828125,31.94342803955078,183.2798309326172,7.438907778123394e-05,-8.326792885782197e-05,5.752285480499268,33455.01953125,2.1214025020599365,1141.851806640625,525.3305053710938,61.22575378417969,207.85931396484375
401,4232.361328125,32.4161376953125,197.38905334472656,8.442513353656977e-05,-9.346024307888001e-05,5.876116752624512,266878.1875,2.0945231914520264,1182.8846435546875,490.0074768066406,54.479148864746094,210.14669799804688
402,4915.36865234375,28.123964309692383,205.1260223388672,0.00012279138900339603,-0.00012201938079670072,6.031649112701416,48244.671875,1.8247365951538086,925.351318359375,410.2597961425781,60.179443359375,189.33676147460938
403,4480.29833984375,26.807714462280273,179.90345764160156,0.0001145600326708518,-0.0001154503261204809,5.995569705963135,39171.515625,1.788907766342163,955.5836181640625,333.9888610839844,55.935752868652344,219.68038940429688
404,4725.8154296875,26.63437843322754,190.9111328125,0.00011069871834479272,-0.00011010354501195252,6.002328872680664,94039.6953125,1.767166018486023,940.9494018554688,321.1843566894531,58.48216247558594,218.6299285888672
405,5128.53125,23.569765090942383,189.11026000976562,7.151941099436954e-05,-6.782286800444126e-05,6.1463704109191895,40416.73828125,1.3442045450210571,950.157958984375,306.1817321777344,61.91290283203125,217.84747314453125
406,5364.84423828125,17.69356346130371,171.30201721191406,7.457021274603903e-05,-6.302854308160022e-05,6.87245512008667,1018.9700927734375,0.7527221441268921,997.3204345703125,287.04852294921875,63.3178596496582,211.64768981933594
407,4964.1611328125,15.123957633972168,162.50717163085938,8.403149695368484e-05,-7.378659211099148e-05,6.956360340118408,590.0195922851562,0.806257963180542,1259.55908203125,264.8760986328125,60.195030212402344,221.26043701171875
408,4354.02197265625,13.038440704345703,169.5702667236328,0.00015679505304433405,-0.00018413046200294048,7.463659286499023,1237.0120849609375,0.9088146090507507,915.2305297851562,219.29226684570312,59.39146041870117,221.56138610839844
409,5219.87548828125,23.15077018737793,173.03851318359375,8.026258001336828e-05,-7.265245221788064e-05,6.401386260986328,838.4698486328125,1.011265516281128,1171.8446044921875,192.73385620117188,62.77791976928711,213.6800079345703
410,4910.76904296875,17.104286193847656,164.71453857421875,7.681903662160039e-05,-7.481166539946571e-05,7.028002738952637,874.5595703125,0.8162848353385925,975.5645141601562,,60.93511962890625,
411,4535.48486328125,13.95120620727539,141.22247314453125,5.997668995405547e-05,-7.330753578571603e-05,8.469189643859863,664.0496215820312,0.6480993032455444,981.2400512695312,,64.26800537109375,
412,5208.77783203125,25.824581146240234,172.5049591064453,7.03595724189654e-05,-7.801063475199044e-05,6.489588260650635,794.3876953125,1.3823670148849487,1138.35888671875,,63.29425048828125,
413,4958.62109375,27.090709686279297,160.1653289794922,0.0017877487698569894,0.001554208225570619,6.3234663009643555,859.4297485351562,11.901986122131348,1221.3179931640625,,62.35626220703125,
414,1029.2076416015625,19.7287540435791,122.91035461425781,0.000396917195757851,0.00010455307347001508,7.663736820220947,4823.11083984375,3.3139092922210693,1027.091552734375,,16.81947135925293,
415,1253.324951171875,28.65118980407715,181.88621520996094,0.00013087387196719646,-0.00012761133257299662,5.662194728851318,2241.761962890625,2.499715566635132,941.4314575195312,1491.736572265625,15.690717697143555,209.6348114013672
416,1913.4990234375,27.233707427978516,177.36727905273438,6.45402615191415e-05,-3.2360287150368094e-05,5.718871593475342,2034.2677001953125,2.2861220836639404,1131.802001953125,1670.1275634765625,13.905689239501953,209.67739868164062
417,2709.992919921875,29.423250198364258,181.25439453125,5.33588245161809e-05,-4.8693600547267124e-05,5.678335666656494,4884.5146484375,2.272588014602661,1110.7322998046875,2072.633056640625,13.86647891998291,210.16090393066406
418,4140.6318359375,31.54311752319336,178.30490112304688,6.43111125100404e-05,-5.695872459909879e-05,5.819677829742432,2564.1806640625,2.1480190753936768,1149.1636962890625,2210.061767578125,54.97484588623047,188.38800048828125
419,4729.23388671875,30.98931884765625,176.6219940185547,6.742154073435813e-05,-6.142057827673852e-05,5.9362640380859375,2701.1337890625,2.0249719619750977,1180.3096923828125,1297.3228759765625,59.35528564453125,141.74533081054688
420,4382.00341796875,33.874752044677734,182.28721618652344,0.00010432668932480738,-0.00013977440539747477,5.796799182891846,7212.1240234375,2.2383201122283936,1051.090087890625,813.2410278320312,53.86113739013672,196.08331298828125
421,5190.9208984375,27.47229766845703,171.66580200195312,0.00010158552322536707,-0.00011916506628040224,6.008846282958984,1099.213623046875,1.8829351663589478,1262.139404296875,681.9405517578125,65.8865737915039,182.5865478515625
422,4844.78662109375,29.354917526245117,174.41197204589844,0.0005394018371589482,0.00010855536675080657,5.794406414031982,11088.421875,3.5361530780792236,999.7848510742188,623.5723266601562,59.166839599609375,221.4324493408203
423,4397.99951171875,29.33422088623047,164.53294372558594,0.0007966201519593596,0.0005850161542184651,5.973531723022461,3162.57177734375,6.155020713806152,1102.7257080078125,560.9375610351562,58.97148132324219,221.7430877685547
424,4084.8330078125,26.183319091796875,173.14154052734375,0.0007543864194303751,0.0008558870758861303,6.421854019165039,3556.782470703125,6.4059319496154785,1192.48291015625,503.1647644042969,55.86180877685547,217.84140014648438
425,4862.169921875,17.19644546508789,137.56968688964844,0.0010047107934951782,0.0009263601386919618,7.268143177032471,2724.3671875,5.911658763885498,874.048828125,416.3572692871094,68.32418060302734,203.6895294189453
426,4473.9560546875,22.315658569335938,157.2513427734375,0.0012154151918366551,0.0008457980584353209,6.9883880615234375,1616.7257080078125,6.978964328765869,1067.5775146484375,324.2574462890625,62.10126876831055,213.69793701171875
427,4454.30078125,20.481203079223633,148.24996948242188,0.0012275087647140026,0.0007566155982203782,7.2662153244018555,987.2899780273438,6.585887432098389,1207.386962890625,293.5746765136719,65.7223129272461,192.333984375
428,3960.426513671875,11.216161727905273,135.1472930908203,0.0010338050778955221,0.0009165159426629543,8.170656204223633,1646.1893310546875,5.495008945465088,1212.8819580078125,271.54107666015625,60.41939926147461,218.73988342285156
429,3386.2490234375,7.073157787322998,118.42845916748047,0.0009119378519244492,0.0009051276720128953,8.900532722473145,12457.6083984375,4.991333961486816,1177.2559814453125,246.33819580078125,59.25007247924805,225.27474975585938
430,3134.983154296875,8.620514869689941,134.94215393066406,0.0009372432250529528,0.0008189300424419343,8.665202140808105,346.8980712890625,5.432553768157959,1685.5634765625,237.54351806640625,59.26865768432617,224.78550720214844
431,3256.28369140625,13.546731948852539,135.26483154296875,0.0009667493868619204,0.0007973670144565403,8.432952880859375,687.0640869140625,5.692254543304443,1419.8577880859375,208.0752716064453,58.971168518066406,217.2615966796875
432,2917.687744140625,9.507827758789062,122.50611114501953,0.0009990278631448746,0.0007301571313291788,9.145829200744629,455.50762939453125,5.540245056152344,1300.3443603515625,187.95071411132812,61.581153869628906,222.38998413085938
433,3011.037353515625,12.652865409851074,97.955078125,0.0008174877148121595,0.0005971905775368214,9.390304565429688,2256.69677734375,5.505725860595703,894.9454345703125,,62.8048210144043,
434,2678.441162109375,12.304412841796875,92.44257354736328,0.0009231781004928052,0.000741752446629107,9.364334106445312,299.3482360839844,5.552281379699707,1447.8927001953125,,60.75847244262695,
435,2492.544921875,12.131525039672852,80.46210479736328,0.0009934266563504934,0.0005840183584950864,9.534735679626465,4969.05517578125,5.4349365234375,1250.74609375,,62.08414077758789,
436,2444.598876953125,12.698949813842773,94.90825653076172,0.0021779141388833523,0.0010294914245605469,10.349315643310547,682.1615600585938,10.737072944641113,2294.491943359375,,62.182456970214844,
437,1252.919189453125,19.13603401184082,120.82008361816406,0.0012963456101715565,0.0009478926076553762,8.123038291931152,828.6560668945312,8.414876937866211,1824.008056640625,,14.634892463684082,
438,1255.7099609375,26.92392349243164,159.558349609375,0.0010413983836770058,0.0005547546898014843,6.347789287567139,3598.275146484375,7.470850467681885,1172.179931640625,1771.6868896484375,17.328086853027344,208.5399169921875
439,1084.614013671875,21.158071517944336,115.21110534667969,0.0011952888453379273,0.00045522552682086825,7.375202655792236,6274.21630859375,6.442295074462891,1172.4359130859375,1869.194580078125,15.420464515686035,208.69924926757812
440,1491.9036865234375,19.333215713500977,99.53166198730469,0.0016993004828691483,0.0008198598516173661,8.099278450012207,4176.01123046875,9.396211624145508,1017.70556640625,1931.9210205078125,13.267640113830566,210.4649658203125
441,2102.02001953125,16.09962272644043,100.67616271972656,0.0025901866611093283,0.001883802586235106,8.954421997070312,851.8480224609375,16.057029724121094,2379.3984375,1842.247802734375,57.52067184448242,165.04209899902344
442,1977.0634765625,15.217508316040039,78.57101440429688,0.003028537379577756,0.0017061218386515975,9.635169982910156,522.61181640625,19.287342071533203,2808.15771484375,1279.9368896484375,61.12052917480469,122.30020141601562
443,1279.3001708984375,9.715509414672852,47.64689636230469,0.003361869603395462,0.00188130559399724,10.46451187133789,682.5360107421875,17.129125595092773,2488.244384765625,813.1121215820312,59.80485534667969,202.76104736328125
444,718.2389526367188,4.981150150299072,22.43555450439453,0.0035609907936304808,0.0020712660625576973,11.303956985473633,4417.3583984375,17.84191131591797,1656.791748046875,697.2620849609375,63.614803314208984,212.64073181152344
445,127.11689758300781,1.1942336559295654,3.801208734512329,0.0016758482670411468,0.0015791592886671424,12.099161148071289,281.279541015625,10.683235168457031,1749.0704345703125,661.5773315429688,61.657432556152344,221.2054443359375
446,0.0,0.0,0.0,0.0,0.0,12.359607696533203,10.804030418395996,0.0,872.9483642578125,601.58544921875,52.78266143798828,
447,0.0,0.0,0.0,0.0,0.0,12.35544490814209,9.230330467224121,0.0,1372.42578125,531.9553833007812,64.48650360107422,
448,0.0,0.0,0.0,0.0,0.0,12.37069034576416,26.64674949645996,0.0,868.5567626953125,432.25665283203125,63.55823516845703,
449,0.0,0.0,0.0,0.0,0.0,12.372289657592773,17.161678314208984,0.0,383.5340270996094,332.9803466796875,64.80259704589844,
450,0.0,0.0,0.0,0.0,0.0,12.366483688354492,15.586905479431152,0.0,368.1927490234375,291.38092041015625,61.77915573120117,
451,0.0,0.0,0.0,0.0,0.0,12.366470336914062,19.9182186126709,0.0,412.1225280761719,268.9381408691406,59.742271423339844,
452,0.0,0.0,0.0,0.0,0.0,12.36127758026123,14.054824829101562,0.0,295.5908203125,250.46888732910156,59.397422790527344,
453,0.0,0.0,0.0,0.0,0.0,12.3744478225708,125.38526153564453,0.0,186.2598419189453,,59.58414840698242,
454,0.0,0.0,0.0,0.0,0.0,12.361235618591309,16.625293731689453,0.0,149.29983520507812,,58.83594512939453,
455,0.0,0.0,0.0,0.0,0.0,12.36377239227295,19.609453201293945,0.0,145.56019592285156,,63.203495025634766,
456,0.0,0.0,0.0,0.0,0.0,12.365385055541992,22.844728469848633,0.0,144.90003967285156,,58.83976745605469,
457,0.0,0.0,0.0,0.0,0.0,12.367952346801758,48.545387268066406,0.0,144.23182678222656,,59.703487396240234,
458,0.0,0.0,0.0,0.0,0.0,12.366399765014648,110.34876251220703,0.0,143.74363708496094,,62.27271270751953,
459,0.0,0.0,0.0,0.0,0.0,13.228395462036133,21.907798767089844,0.0,675.2803344726562,,61.83869934082031,
